time_s,ego_x_m,ego_y_m,ego_heading_rad,ego_speed_mps,ego_accel_mps2,dust_level,occlusion_rate
0.0,0.0,50.0,-0.0047788764537046785,1.1473584579990983,-3.622841237493901e-05,0.15,0.1
0.5,0.5736726782663798,49.99725846827561,-0.009557750910292711,1.1473403437929108,-3.3152007427261765e-05,0.15,0.1
1.0,1.1472879390760282,49.98903417374228,-0.019115577347766758,1.147325305991671,-4.009940896021469e-05,0.15,0.1
1.5,1.7207883712686856,49.97532801828658,-0.02867355483920209,1.1473002443839506,-6.014493041806013e-05,0.15,0.1
2.0,2.294116576276342,49.95614150494293,-0.038231758910692366,1.147265161061253,-8.018543230625674e-05,0.15,0.1
2.5,2.867215174417642,49.93147673772869,-0.04779026508719672,1.1472200589516444,-0.000100219241542,0.15,0.1
3.0,3.4400268111902097,49.901336421413575,-0.057349148892224595,1.147164941819711,-0.0001202446851271,0.15,0.1
3.5,4.012494163560215,49.8657238612229,-0.0669084858474661,1.1470998142665172,-0.000140260090166,0.15,0.1
4.0,4.584559946248495,49.82464296247521,-0.07646835147234855,1.1470246817295449,-0.0001602637839057,0.15,0.1
4.5,5.156166918012527,49.77809823015399,-0.08602882128367952,1.1469395504826114,-0.000180254093741,0.15,0.1
5.0,5.727257887923575,49.72609476841367,-0.09558997079528114,1.146844427635804,-0.000200229347238,0.15,0.1
5.5,6.297775721638322,49.66863828001981,-0.10515187551751001,1.1467393211353734,-0.0002201878721812,0.15,0.1
6.0,6.867663347664295,49.60573506572389,-0.11471461095686035,1.1466242397636226,-0.0002401279965564,0.15,0.1
6.5,7.4368637636183905,49.537392023572174,-0.12427825261555366,1.1464991931388169,-0.0002600480485934,0.15,0.1
7.0,8.005320042477843,49.46361664814941,-0.13384287599103092,1.1463641917150291,-0.0002799463568148,0.15,0.1
7.5,8.572975338822896,49.38441702975688,-0.1434085565755478,1.146219246782002,-0.0002998212500131,0.15,0.1
8.0,9.139772895070555,49.299801853525246,-0.15297536985562793,1.146064370465016,-0.0003196710572879,0.15,0.1
8.5,9.705656047698696,49.2097803984621,-0.16254339131160792,1.145899575724714,-0.0003394941081105,0.15,0.1
9.0,10.270568233459857,49.11436253643443,-0.17211269641703703,1.1457248763569057,-0.0003592887323045,0.15,0.1
9.5,10.83445299558402,49.01355873108609,-0.18168336063820167,1.1455402869924096,-0.0003790532600493,0.15,0.1
10.0,11.39725398996977,48.90738003669029,-0.19125545943356417,1.145345823096856,-0.0003987860219807,0.15,0.1
10.5,11.958914991363024,48.79583809693738,-0.200829068253079,1.1451415009704289,-0.0004184853491639,0.15,0.1
11.0,12.519379899522768,48.67894514365802,-0.21040426253760813,1.144927337747692,-0.0004381495731002,0.15,0.1
11.5,13.078592745373117,48.556713995481815,-0.2199811177183178,1.1447033513973286,-0.0004577770258331,0.15,0.1
12.0,13.636497697140909,48.42915805643157,-0.22955970921596974,1.144469560721859,-0.0004773660399071,0.15,0.1
12.5,14.193039066478295,48.29629131445342,-0.23914011244015604,1.1442259853574217,-0.0004969149483748,0.15,0.1
13.0,14.748161314569632,48.158128339882914,-0.2487224027886355,1.143972645773484,-0.0005164220848927,0.15,0.1
13.5,15.3018090582219,48.01468428384716,-0.25830665564654165,1.1437095632725287,-0.0005358857837431,0.15,0.1
14.0,15.853927075938108,47.86597487660337,-0.2678929463855323,1.1434367599897408,-0.0005553043798058,0.15,0.1
14.5,16.404460313972947,47.71201642581385,-0.27748135036298793,1.1431542588927228,-0.0005746762086258,0.15,0.1
15.0,16.953353892370078,47.55282581475768,-0.287071942921107,1.142862083781115,-0.0005939996064603,0.15,0.1
15.5,17.50055311098029,47.38842050047929,-0.2966647993859955,1.1425602592862625,-0.0006132729102525,0.15,0.1
16.0,18.046003455460045,47.218818511874055,-0.3062599950666904,1.1422488108708624,-0.0006324944577511,0.15,0.1
16.5,18.58965060324955,47.04403844771127,-0.31585760525416107,1.141927764828511,-0.000651662587459,0.15,0.1
17.0,19.131440429529825,46.864099474594575,-0.32545770522027595,1.1415971482834033,-0.0006707756386494,0.15,0.1
17.5,19.67131901315817,46.67902132486009,-0.33506037021669766,1.1412569891898618,-0.0006898319515546,0.15,0.1
18.0,20.209232642581146,46.48882429441256,-0.34466567547371507,1.1409073163318486,-0.0007088298672333,0.15,0.1
18.5,20.74512782172469,46.29352924049974,-0.35427369619911414,1.1405481593226283,-0.0007277677276225,0.15,0.1
19.0,21.27895127586057,46.09315757942503,-0.363884507576943,1.140179548604226,-0.0007466438757053,0.15,0.1
19.5,21.810649957448543,45.88773128419905,-0.373498184766109,1.1398015154469232,-0.0007654566554198,0.15,0.1
20.0,22.34017105195361,45.67727288213004,-0.3831148028991752,1.1394140919488065,-0.0007842044117025,0.15,0.1
20.5,22.86746198363775,45.461805452353424,-0.3927344370809439,1.1390173110352206,-0.0008028854906176,0.15,0.1
21.0,23.39247042132542,45.24135262330097,-0.402357162386933,1.1386112064581886,-0.0008214982393308,0.15,0.1
21.5,23.91514428414225,45.01593857010967,-0.4119830538619373,1.1381958127958898,-0.0008400410061084,0.15,0.1
22.0,24.43543174722634,44.78558801197063,-0.42161218651843224,1.13777116545208,-0.0008585121404474,0.15,0.1
22.5,24.953281247411397,44.55032620941839,-0.43124463533498325,1.1373373006554424,-0.0008769099930781,0.15,0.1
23.0,25.46864148888123,44.31017896156073,-0.440880475254535,1.136894255459002,-0.0008952329160156,0.15,0.1
23.5,25.98146144879493,44.0651726032496,-0.45051978118262387,1.136442067739427,-0.0009134792626022,0.15,0.1
24.0,26.49169038288209,43.815334002193175,-0.4601626279856607,1.1359807761963998,-0.0009316473874876,0.15,0.1
24.5,26.99927783100745,43.56069055600947,-0.4698090904889824,1.135510420351939,-0.0009497356468022,0.15,0.1
25.0,27.504173622704503,43.30127018922192,-0.4794592434748569,1.1350310405495976,-0.0009677423981493,0.15,0.1
25.5,28.00632788267716,43.037101350197176,-0.48911316168059554,1.1345426779537895,-0.0009856660005604,0.15,0.1
26.0,28.50569103626919,42.76821300802533,-0.4987709197963775,1.134045374549037,-0.0010035048147065,0.15,0.1
26.5,29.002213814900653,42.49463464934319,-0.5084325924630534,1.1335391731390831,-0.0010212572028669,0.15,0.1
27.0,29.495847261470693,42.21639627510076,-0.5180982542700233,1.13302411734617,-0.0010389215289206,0.15,0.1
27.5,29.986542735726307,41.9335283972712,-0.5277679797528094,1.1325002516101623,-0.0010564961585481,0.15,0.1
28.0,30.47425191959625,41.646062035504976,-0.537441843390701,1.131967621187622,-0.0010739794591654,0.15,0.1
28.5,30.958926822489666,41.3540287137281,-0.5471199196043536,1.1314262721509971,-0.0010913698000016,0.15,0.1
29.0,31.44051978655881,41.057460456685206,-0.5568022827531313,1.1308762513876205,-0.0011086655522307,0.15,0.1
29.5,31.918983491925257,40.75638978642772,-0.5664890071325311,1.1303176065987663,-0.0011258650889252,0.15,0.1
30.0,32.39427096186906,40.45084971874738,-0.5761801669714701,1.129750386298695,-0.0011429667851929,0.15,0.1
30.5,32.866335567980286,40.14087375955573,-0.5858758364294374,1.1291746398135734,-0.0011599690182113,0.15,0.1
31.0,33.335131035272326,39.82649590120983,-0.595576089593671,1.1285904172804837,-0.0011768701672802,0.15,0.1
31.5,33.8006114472565,39.50775061878453,-0.6052810004761051,1.127997769646293,-0.0011936686139457,0.15,0.1
32.0,34.26273125097728,39.184672866292,-0.6149906430103093,1.127396748666538,-0.0012103627419695,0.15,0.1
32.5,34.72144526200773,38.85729807284856,-0.624705091048392,1.1267874069043236,-0.0012269509374829,0.15,0.1
33.0,35.176708669404434,38.52566213878947,-0.6344244183576606,1.126169797729055,-0.0012434315890366,0.15,0.1
33.5,35.62847704062156,38.18980143173212,-0.6441486986172854,1.125543975315287,-0.0012598030876196,0.15,0.1
34.0,36.0767063263834,37.84975278258783,-0.6538780054148684,1.1249099946414354,-0.0012760638268209,0.15,0.1
34.5,36.52135286551481,37.50555348152299,-0.6636124122428658,1.124267911488466,-0.0012922122028333,0.15,0.1
35.0,36.962373389729215,37.15724127386972,-0.673351992494948,1.123617782438602,-0.0013082466145908,0.15,0.1
35.5,37.39972502837344,36.80485435598672,-0.6830968194622282,1.122959664873875,-0.0013241654637958,0.15,0.1
36.0,37.83336531312892,36.44843137107058,-0.6928469663293996,1.122293616974806,-0.0013399671549614,0.15,0.1
36.5,38.26325218266892,36.08801140491812,-0.702602506170781,1.1216196977189137,-0.0013556500956504,0.15,0.1
37.0,38.68934398727095,35.72363398164018,-0.7123635119462315,1.1209379668791557,-0.0013712126964413,0.15,0.1
37.5,39.11159949338414,35.355339059327385,-0.7221300564969316,1.1202484850224723,-0.0013866533709749,0.15,0.1
38.0,39.52997788815102,34.98316702566828,-0.7319022125411212,1.1195513135081807,-0.00140197053617,0.15,0.1
38.5,39.94443878388306,34.60715869352035,-0.7416800526696965,1.1188465144863022,-0.0014171626122223,0.15,0.1
39.0,40.354942222489605,34.22735529643444,-0.7514636493416186,1.1181341508959584,-0.0014322280227121,0.15,0.1
39.5,40.76144867985984,33.84379848413304,-0.7612530748793264,1.11741428646359,-0.001447165194764,0.15,0.1
40.0,41.163919070196926,33.456530317942914,-0.7710484014639658,1.1166869857011943,-0.0014619725590505,0.15,0.1
40.5,41.56231475030428,33.0655932661826,-0.7808497011304808,1.1159523139045395,-0.0014766485498991,0.15,0.1
41.0,41.95659752382321,32.67103019950528,-0.7906570457626153,1.1152103371512951,-0.0014911916055195,0.15,0.1
41.5,42.3467296454216,32.272884386197525,-0.8004705070877643,1.11446112229902,-0.001505600168004,0.15,0.1
42.0,42.732673824933045,31.871199487434488,-0.8102901566717857,1.113704736983291,-0.001519872683348,0.15,0.1
42.5,43.114393231446215,31.46601955249187,-0.8201160659135311,1.112941249615672,-0.0015340076017296,0.15,0.1
43.0,43.49185149734375,31.05738901391552,-0.8299483060393865,1.1121707293815617,-0.001548003377582,0.15,0.1
43.5,43.865012722290366,30.645352682648824,-0.8397869480976196,1.1113932462380898,-0.0015618584696337,0.15,0.1
44.0,44.23384147716975,30.229955743118747,-0.8496320629525816,1.1106088709119275,-0.0015755713410772,0.15,0.1
44.5,44.59830280796975,29.811243748280784,-0.8594837212788392,1.1098176748970126,-0.0015891404596768,0.15,0.1
45.0,44.95836223961548,29.389262614623657,-0.8693419935550938,1.1090197304522509,-0.00160256429787,0.15,0.1
45.5,45.31398577974992,28.964058617133944,-0.8792069500580529,1.1082151105991425,-0.0016158413329439,0.15,0.1
46.0,45.66513992246149,28.535678384221587,-0.8890786608560224,1.107403889119307,-0.0016289700471072,0.15,0.1
46.5,46.01179165195848,28.10416889260653,-0.8989571958025315,1.1065861405520352,-0.0016419489276688,0.15,0.1
47.0,46.35390844618945,27.6695774621672,-0.9088426245297001,1.105761940191638,-0.0016547764671441,0.15,0.1
47.5,46.69145828040977,27.23195175075135,-0.918735016441465,1.104931364084891,-0.0016674511633445,0.15,0.1
48.0,47.02440963069341,26.791339748949827,-0.9286344407067596,1.1040944890282935,-0.0016799715195678,0.15,0.1
48.5,47.35273147738994,26.347789774833885,-0.9385409662524161,1.1032513925653231,-0.0016923360447451,0.15,0.1
49.0,47.67639330852616,25.901350468656517,-0.9484546617559967,1.1024021529835484,-0.0017045432536346,0.15,0.1
49.5,47.995365123152105,25.45207078751856,-0.9583755956384707,1.1015468493116884,-0.00171659166686,0.15,0.1
50.0,48.30961743463095,24.999999999999996,-0.9683038360567505,1.1006855613166884,-0.0017284798110053,0.15,0.1
50.5,48.61912127387257,24.54518768075705,-0.9782394508960173,1.0998183695006831,-0.0017402062189242,0.15,0.1
51.0,48.92384819251037,24.08768370508577,-0.9881825077619454,1.098945355097764,-0.0017517694299273,0.15,0.1
51.5,49.223770266020885,23.6275382434527,-0.9981330739727535,1.0980666000707555,-0.0017631679897851,0.15,0.1
52.0,49.518860096786106,23.16480175599309,-1.0080912165511453,1.097182187107979,-0.0017744004509065,0.15,0.1
52.5,49.809090817097854,22.69952498697734,-1.0180570022160254,1.0962921996198491,-0.0017854653725712,0.15,0.1
53.0,50.09443609210419,22.23175895924637,-1.028030497374028,1.0953967217354077,-0.0017963613211067,0.15,0.1
53.5,50.37487012269732,21.761554968616377,-1.0380117681110526,1.0944958382987424,-0.0018070868700328,0.15,0.1
54.0,50.65036764834271,21.288964578253637,-1.0480008801834706,1.0935896348653749,-0.001817640600171,0.15,0.1
54.5,50.92090394984925,20.814039613020068,-1.0579978990092025,1.092678197698571,-0.0018280210999266,0.15,0.1
55.0,51.186454852079954,20.33683215379001,-1.068002889658696,1.0917616137654482,-0.0018382269654562,0.15,0.1
55.5,51.446996726603054,19.85739453173903,-1.0780159168456889,1.0908399707331151,-0.0018482568007571,0.15,0.1
56.0,51.70250649428312,19.375779322605148,-1.088037044917853,1.089913356964691,-0.0018581092179121,0.15,0.1
56.5,51.95296162781192,18.892039340923365,-1.0980663378472064,1.088981861515203,-0.0018677828373139,0.15,0.1
57.0,52.19834015417885,18.406227634233904,-1.1081038592203876,1.0880455741273771,-0.0018772762879055,0.15,0.1
57.5,52.438620657080456,17.91839747726501,-1.1181496722287598,1.0871045852272974,-0.0018865882071956,0.15,0.1
58.0,52.67378227926904,17.428602366090768,-1.1282038396584326,1.0861589859201817,-0.0018957172415368,0.15,0.1
58.5,52.90380472483982,16.936896012264572,-1.1382664238799525,1.0852088679857606,-0.001904662046497,0.15,0.1
59.0,53.128668261456696,16.443332336929167,-1.1483374868379235,1.0842543238736844,-0.001913421286865,0.15,0.1
59.5,53.34835372251602,15.947965464903502,-1.1584170900405286,1.0832954466988955,-0.0019219936368917,0.15,0.1
60.0,53.5628425092485,15.450849718747376,-1.168505294548654,1.0823323302367929,-0.0019303777805796,0.15,0.1
60.5,53.77211659275876,14.952039612804338,-1.1786021609651196,1.081365068918316,-0.0019385724118863,0.9,0.1
61.0,53.97615851600237,14.451589847223584,-1.1887077494235632,1.0803937578249063,-0.0019465762349042,0.9,0.1
61.5,54.17495139570025,13.949555301961464,-1.1988221195771294,1.0794184926834116,-0.0019543879640937,0.9,0.1
62.0,54.36847892419009,13.445991030763288,-1.2089453305871634,1.0784393698608126,-0.0019620063245227,0.9,0.1
62.5,54.55672537121469,12.940952255126048,-1.219077441111574,1.077456486358889,-0.0019694300521504,0.9,0.1
63.0,54.73967558564693,12.43449435824274,-1.2292185092930663,1.076469939808662,-0.0019766578940458,0.9,0.1
63.5,54.91731499715127,11.926672878929043,-1.2393685927472564,1.075479828464843,-0.0019836886084765,0.9,0.1
64.0,55.08962961778156,11.417543505532796,-1.2495277485505139,1.0744862512001856,-0.0019905209653425,0.9,0.1
64.5,55.256606043515006,10.907162069827136,-1.2596960332277374,1.0734893074995004,-0.001997153746446,0.9,0.1
65.0,55.41823145572201,10.395584540887974,-1.2698735027399506,1.0724890974537395,-0.0020035857456019,0.9,0.1
65.5,55.57449362257191,9.882867018956304,-1.2800602124716292,1.0714857217538984,-0.002009815768903,0.9,0.1
66.0,55.72538090037433,9.369065729286238,-1.2902562172179555,1.0704792816848363,-0.0020158426350374,0.9,0.1
66.5,55.87088223485609,8.85423701597917,-1.3004615711719134,1.069469879118861,-0.0020216651756339,0.9,0.1
67.0,56.010987162373326,8.338437335805118,-1.3106763279111306,1.0684576165092026,-0.0020272822353812,0.9,0.1
67.5,56.14568581105905,7.821723252011546,-1.3209005403846132,1.0674425968834798,-0.0020326926723326,0.9,0.1
68.0,56.27496890190567,7.304151428120583,-1.3311342608993537,1.06642492383687,-0.0020378953582529,0.9,0.1
68.5,56.39882774978253,6.78577862171522,-1.3413775411066868,1.0654047015252268,-0.0020428891788226,0.9,0.1
69.0,56.51725426438833,6.266661678215213,-1.3516304319885428,1.0643820346580473,-0.0020476730339602,0.9,0.1
69.5,56.63024095113835,5.746857524643331,-1.361892983843536,1.0633570284912666,-0.0020522458380787,0.9,0.1
70.0,56.73778091198628,5.226423163382684,-1.372165246272863,1.0623297888199683,-0.0020566065203853,0.9,0.1
70.5,56.8398678461807,4.705415665925726,-1.3824472681660913,1.0613004219708813,-0.0020607540252661,0.9,0.1
71.0,56.93649605095601,4.183892166615772,-1.3927390976867602,1.0602690347947024,-0.0020646873124481,0.9,0.1
71.5,57.02766042215779,3.661909856381581,-1.4030407822578113,1.0592357346584331,-0.0020684053572519,0.9,0.1
72.0,57.11335645480256,3.139525976465676,-1.413352368546974,1.0582006294374504,-0.002071907151095,0.9,0.1
72.5,57.193580243571766,2.6167978121471984,-1.4236739024518212,1.057163827507338,-0.0020751917017465,0.9,0.1
73.0,57.26832848324009,2.093782686459988,-1.4340054290848343,1.056125437735704,-0.0020782580335465,0.9,0.1
73.5,57.33759846903784,1.570537953906409,-1.444346992758304,1.0550855694737915,-0.0020811051877227,0.9,0.1
74.0,57.40138809694763,1.0471209941678523,-1.4546986369689945,1.0540443325479811,-0.002083732222746,0.9,0.1
74.5,57.45969586393504,0.5235892058122934,-1.465060404382766,1.0530018372510457,-0.0020861382147563,0.9,0.1
75.0,57.512520868113526,3.061616997868383e-15,-1.4754323368190703,1.0519581943332248,-0.0020883222577634,0.9,0.1
75.5,57.55986280884322,-0.5235892058122873,-1.4858144752352496,1.050913514993282,-0.0020902834639127,0.9,0.1
76.0,57.601721986763984,-1.0471209941678352,-1.4962068597107392,1.049867910869312,-0.0020920209639956,0.9,0.1
76.5,57.63809930376237,-1.570537953906414,-1.506609529431126,1.0488214940292864,-0.0020935339077314,0.9,0.1
77.0,57.6689962628728,-2.0937826864599813,-1.5170225226721568,1.0477743769615806,-0.0020948214639733,0.9,0.1
77.5,57.69441496811267,-2.616797812147192,-1.5274458767835877,1.046726672565313,-0.0020958828211601,0.9,0.1
78.0,57.714358124251646,-3.139525976465659,-1.5378796281728626,1.0456784941404205,-0.0020967171876931,0.9,0.1
78.5,57.728829036515066,-3.661909856381576,-1.5483238122888212,1.04462995537762,-0.0020973237922807,0.9,0.1
79.0,57.737831610221455,-4.183892166615777,-1.5587784636051285,1.0435811703481397,-0.0020977018842001,0.9,0.1
79.5,57.74137035035433,-4.705415665925719,-1.5692436156037952,1.0425322534934198,-0.0020978507336049,0.9,0.1
80.0,57.739450361068094,-5.226423163382667,-1.5797193007585444,1.0414833196145348,-0.0020977696320685,0.9,0.1
80.5,57.73207734512833,-5.746857524643325,-1.5902055505179424,1.0404344838613513,-0.0020974578928985,0.9,0.1
81.0,57.719257603286486,-6.266661678215208,-1.6007023952886261,1.0393858617216365,-0.0020969148513707,0.9,0.1
81.5,57.70099803358888,-6.785778621715216,-1.6112098644185147,1.0383375690099803,-0.0020961398651333,0.9,0.1
82.0,57.6773061306202,-7.304151428120567,-1.6217279861796876,1.037289721856503,-0.0020951323146218,0.9,0.1
82.5,57.64818998468176,-7.821723252011529,-1.6322567877513554,1.0362424366953586,-0.0020938916035346,0.9,0.1
83.0,57.61365828090421,-8.338437335805123,-1.6427962952029034,1.0351958302529682,-0.002092417158974,0.9,0.1
83.5,57.57372029829516,-8.854237015979164,-1.6533465334766588,1.0341500195363846,-0.0020907084317993,0.9,0.1
84.0,57.52838590872158,-9.369065729286232,-1.6639075263706657,1.0331051218211689,-0.0020887648973215,0.9,0.1
84.5,57.47766557582734,-9.88286701895631,-1.6744792965215614,1.032061254639063,-0.0020865860554339,0.9,0.1
85.0,57.42157035388561,-10.395584540887969,-1.6850618653872624,1.0310185357657349,-0.0020841714309656,0.9,0.1
85.5,57.36011188658679,-10.90716206982713,-1.695655253229697,1.0299770832080974,-0.0020815205741535,0.9,0.7
86.0,57.29330240576152,-11.41754350553278,-1.7062594790975396,1.028937015191581,-0.0020786330609823,0.9,0.7
86.5,57.22115473003941,-11.926672878929038,-1.7168745608089053,1.0278984501471151,-0.0020755084936256,0.9,0.7
87.0,57.14368226344325,-12.434494358242734,-1.727500514934066,1.0268615066979556,-0.0020721465007442,0.9,0.7
87.5,57.0608989939192,-12.940952255126032,-1.7381373567781124,1.0258263036463708,-0.0020685467378216,0.9,0.7
88.0,56.9728194918028,-13.44599103076327,-1.7487851003638066,1.024792959960134,-0.0020647088877334,0.9,0.7
88.5,56.87945890822112,-13.94955530196147,-1.7594437584141782,1.0237615947586374,-0.0020606326610497,0.9,0.7
89.0,56.78083297343142,-14.451589847223586,-1.770113342335435,1.0227323272990845,-0.0020563177961914,0.9,0.7
89.5,56.67695799509599,-14.952039612804333,-1.7807938621998136,1.021705276962446,-0.0020517640601163,0.9,0.7
90.0,56.56785085649392,-15.450849718747367,-1.7914853267283866,1.020680563238968,-0.0020469712486788,0.9,0.7
90.5,56.45352901466961,-15.947965464903495,-1.8021877432740927,1.0196583057137671,-0.0020419391868127,0.9,0.7
91.0,56.33401049851847,-16.44333233692916,-1.8129011178047028,1.0186386240521552,-0.0020366677290557,0.9,0.7
91.5,56.209313906809776,-16.936896012264572,-1.8236254548859967,1.0176216379847114,-0.0020311567598678,0.9,0.7
92.0,56.07945840614717,-17.42860236609075,-1.8343607576649241,1.0166074672922871,-0.0020254061940334,0.9,0.7
92.5,55.94446372886677,-17.918397477265007,-1.8451070278529327,1.015596231790678,-0.0020194159771191,0.9,0.7
93.0,55.80435017087334,-18.40622763423389,-1.855864265709368,1.0145880513151682,-0.0020131860857282,0.9,0.7
93.5,55.6591385894146,-18.89203934092336,-1.8666324700250583,1.0135830457049495,-0.0020067165278956,0.9,0.7
94.0,55.508850400793975,-19.37577932260515,-1.8774116381059571,1.0125813347872723,-0.0020000073434813,0.9,0.7
94.5,55.35350757802209,-19.857394531739036,-1.8882017657569548,1.0115830383614683,-0.0019930586045839,0.9,0.7
95.0,55.19313264840717,-20.336832153790017,-1.89900284726597,1.0105882761826883,-0.0019858704158408,0.9,0.7
95.5,55.02774869108464,-20.814039613020054,-1.9098148753879685,1.0095971679456277,-0.0019784429148246,0.9,0.7
96.0,54.85737933448628,-21.28896457825364,-1.9206378413293923,1.008609833267864,-0.0019707762724392,0.9,0.7
96.5,54.68204875374907,-21.76155496861637,-1.9314717347326682,1.0076263916731882,-0.0019628706931211,0.9,0.7
97.0,54.50178166806413,-22.23175895924636,-1.9423165436609022,1.0066469625747427,-0.0019547264154391,0.9,0.7
97.5,54.316603337965965,-22.69952498697733,-1.95317225458288,1.005671665257749,-0.0019463437122921,0.9,0.7
98.0,54.12653956256241,-23.16480175599307,-1.9640388523582395,1.0047006188624503,-0.0019377228911794,0.9,0.7
98.5,53.93161667670537,-23.627538243452697,-1.974916320222877,1.0037339423665697,-0.0019288642948109,0.9,0.7
99.0,53.73186154810303,-24.08768370508577,-1.985804639774636,1.0027717545676396,-0.0019197683011094,0.9,0.7
99.5,53.52730157437342,-24.545187680757035,-1.9967037909592433,1.0018141740654605,-0.0019104353237657,0.9,0.7
100.0,53.31796468003996,-25.000000000000007,-2.0076137520564936,1.0008613192438738,-0.0019008658126339,0.9,0.7
100.5,53.10387931346931,-25.45207078751856,-2.01853449966687,0.9999133082528264,-0.0018910602537007,0.9,0.7
101.0,52.88507444375155,-25.9013504686565,-2.02946600869828,0.998970258990173,-0.0018810191698162,0.9,0.7
101.5,52.661579557523496,-26.347789774833878,-2.0404082523531906,0.99803228908301,-0.0018707431208131,0.9,0.7
102.0,52.43342465573515,-26.791339748949817,-2.0513612021161625,0.99709951586936,-0.0018602327036197,0.9,0.7
102.5,52.20064025035969,-27.23195175075133,-2.0623248277416026,0.9961720563793904,-0.0018494885529752,0.9,0.7
103.0,51.96325736104755,-27.669577462167197,-2.0732990972420033,0.9952500273163846,-0.0018385113414058,0.9,0.7
103.5,51.72130751172477,-28.104168892606506,-2.0842839768764483,0.9943335450379844,-0.0018273017795105,0.9,0.7
104.0,51.47482272713596,-28.535678384221576,-2.0952794311395166,0.993422725536874,-0.0018158606165177,0.9,0.7
104.5,51.22383552933256,-28.964058617133944,-2.106285422750727,0.9925176844214668,-0.0018041886401343,0.9,0.7
105.0,50.96837893410631,-29.389262614623647,-2.1173019126441495,0.9916185368967396,-0.0017922866770547,0.9,0.7
105.5,50.70848644736876,-29.81124374828079,-2.1283288599586707,0.990725397744412,-0.0017801555933427,0.9,0.7
106.0,50.44419206147694,-30.229955743118737,-2.1393662220285856,0.989838381303397,-0.0017677962942823,0.9,0.7
106.5,50.17553025150573,-30.64535268264881,-2.1504139543745704,0.9889576014501296,-0.0017552097249541,0.9,0.7
107.0,49.90253597146729,-31.05738901391551,-2.1614720106953698,0.9880831715784428,-0.0017423968703352,0.9,0.7
107.5,49.62524465047794,-31.466019552491854,-2.172540342859707,0.9872152045797944,-0.0017293587553701,0.9,0.7
108.0,49.34369218887294,-31.87119948743448,-2.183618900898785,0.9863538128230728,-0.0017160964454279,0.9,0.7
108.5,49.05791495426968,-32.27288438619752,-2.1947076329993007,0.9854991081343664,-0.0017026110462226,0.9,0.7
109.0,48.767949777579496,-32.67103019950525,-2.205806485497001,0.98465120177685,-0.0016889037042777,0.9,0.7
109.5,48.47383394896872,-33.0655932661826,-2.216915402870721,0.9838102044300886,-0.0016749756069729,0.9,0.7
110.0,48.17560521376955,-33.456530317942914,-2.2280343277369603,0.9829762261698772,-0.0016608279823334,0.15,0.7
110.5,47.87330176834065,-33.84379848413303,-2.2391632008451037,0.9821493764477552,-0.0016464620998142,0.15,0.7
111.0,47.56696225587859,-34.22735529643444,-2.250301961073093,0.9813297640700628,-0.0016318792701218,0.15,0.7
111.5,47.25662576218022,-34.60715869352033,-2.261450545423759,0.9805174971776331,-0.0016170808451539,0.15,0.7
112.0,46.94233181135636,-34.98316702566828,-2.2726088890217624,0.9797126832249088,-0.0016020682183998,0.15,0.7
112.5,46.62412036149767,-35.35533905932737,-2.2837769251110713,0.9789154289592334,-0.001586842824775,0.15,0.7
113.0,46.30203180029265,-35.723633981640155,-2.2949545850530724,0.9781258404001338,-0.0015714061409716,0.15,0.7
113.5,45.97610694059881,-36.088011404918106,-2.3061417983254167,0.9773440228182618,-0.0015557596853905,0.15,0.7
114.0,45.646387015966994,-36.44843137107057,-2.3173384925213356,0.9765700807147432,-0.0015399050179517,0.15,0.7
114.5,45.3129136761197,-36.80485435598671,-2.3285445933497595,0.97580411780031,-0.0015238437405873,0.15,0.7
115.0,44.97572898238364,-37.15724127386972,-2.3397600246360075,0.975046236974156,-0.0015075774970279,0.15,0.7
115.5,44.634875403077416,-37.50555348152298,-2.350984708323135,0.9742965403032822,-0.0014911079724937,0.15,0.7
116.0,44.2903958088542,-37.84975278258782,-2.362218564474153,0.9735551290016622,-0.0014744368942841,0.15,0.7
116.5,43.94233346800053,-38.189801431732114,-2.3734615112746473,0.972822103408998,-0.0014575660315003,0.15,0.7
117.0,43.59073204169158,-38.52566213878946,-2.384713465036286,0.9720975629701618,-0.001440497194712,0.15,0.7
117.5,43.235635579203056,-38.85729807284855,-2.3959743402011044,0.971381606214286,-0.0014232322362596,0.15,0.7
118.0,42.8770885130808,-39.18467286629198,-2.407244049346275,0.9706743307339022,-0.0014057730500602,0.15,0.7
118.5,42.5151356542682,-39.50775061878451,-2.418522503189803,0.9699758331642256,-0.0013881215715683,0.15,0.7
119.0,42.1498221871922,-39.82649590120981,-2.4298096105969007,0.969286209162334,-0.0013702797775454,0.15,0.7
119.5,41.78119366480834,-40.14087375955572,-2.441105278587064,0.9686055533866802,-0.0013522496859517,0.15,0.7
120.0,41.40929600360529,-40.45084971874737,-2.4524094123419906,0.9679339594763822,-0.0013340333559977,0.15,0.1
120.5,41.03417547856966,-40.75638978642772,-2.4637219152141467,0.9672715200306824,-0.0013156328876915,0.15,0.1
121.0,40.6558787181114,-41.0574604566852,-2.4750426887361594,0.9666183265886906,-0.0012970504218231,0.15,0.1
121.5,40.27445269895043,-41.3540287137281,-2.4863716326309913,0.9659744696088592,-0.0012782881398453,0.15,0.1
122.0,39.8899447409652,-41.64606203550497,-2.497708644822813,0.9653400384488452,-0.0012593482634117,0.15,0.1
122.5,39.50240250200345,-41.9335283972712,-2.5090536214487797,0.9647151213454476,-0.0012402330544301,0.15,0.1
123.0,39.11187397265601,-42.21639627510076,-2.5204064568714646,0.9640998053944152,-0.0012209448146318,0.15,0.1
123.5,38.71840747099415,-42.49463464934319,-2.531767043692065,0.9634941765308156,-0.0012014858852549,0.15,0.1
124.0,38.32205163727086,-42.76821300802533,-2.5431352727645415,0.9628983195091604,-0.0011818586469554,0.15,0.1
124.5,37.92285542858702,-43.037101350197176,-2.5545110332104786,0.9623123178838602,-0.0011620655192312,0.15,0.1
125.0,37.52086811352255,-43.30127018922192,-2.565894212434625,0.961736253989929,-0.0011421089604642,0.15,0.1
125.5,37.11613926673365,-43.56069055600948,-2.5772846961413407,0.961170208923396,-0.0011219914673549,0.15,0.1
126.0,36.70871876351648,-43.81533400219318,-2.588682368351876,0.960614262522574,-0.0011017155742162,0.15,0.1
126.5,36.29865677433752,-44.0651726032496,-2.6000871114222877,0.9600684933491797,-0.0010812838532781,0.15,0.1
127.0,35.886003759331984,-44.31017896156073,-2.6114988060622717,0.959532978669296,-0.0010606989140263,0.15,0.1
127.5,35.47081046277033,-44.55032620941839,-2.622917331354769,0.9590077944351532,-0.0010399634023945,0.15,0.1
128.0,35.05312790749347,-44.78558801197063,-2.634342564776312,0.9584930152669014,-0.0010190800008281,0.15,0.1
128.5,34.63300738931755,-45.01593857010967,-2.645774382218158,0.9579887144343252,-0.0009980514276786,0.15,0.1
129.0,34.210500471408906,-45.24135262330096,-2.657212658008235,0.9574949638392228,-0.0009768804365706,0.15,0.1
129.5,33.785658978629414,-45.461805452353424,-2.668657264933885,0.9570118339977544,-0.0009555698161355,0.15,0.1
130.0,33.35853499185346,-45.67727288213003,-2.6801080742652705,0.9565393940230872,-0.0009341223892394,0.15,0.1
130.5,32.929180842256585,-45.88773128419904,-2.6915649557796497,0.9560777116085152,-0.0009125410127979,0.15,0.1
131.0,32.497649105576755,-46.09315757942503,-2.7030277777864073,0.9556268530102894,-0.0008908285770655,0.15,0.1
131.5,32.06399259634907,-46.29352924049974,-2.714496407152745,0.9551868830314496,-0.0008689880046691,0.15,0.1
132.0,31.628264362113708,-46.48882429441256,-2.7259707093301766,0.9547578650056202,-0.000847022250738,0.15,0.1
132.5,31.190517677598905,-46.67902132486009,-2.7374505483818132,0.9543398607807114,-0.0008249343019838,0.15,0.1
133.0,30.75080603887875,-46.864099474594575,-2.7489357870102746,0.9539329307036364,-0.0008027271758387,0.15,0.1
133.5,30.30918315750664,-47.04403844771128,-2.7604262865863323,0.9535371336048728,-0.0007804039201704,0.15,0.1
134.0,29.86570295462533,-47.218818511874055,-2.771921907178313,0.953152526783466,-0.0007579676123888,0.15,0.1
134.5,29.42041955505377,-47.388420500479285,-2.7834225075821606,0.9527791659924838,-0.0007354213589956,0.15,0.1
135.0,28.97338728135172,-47.55282581475768,-2.7949279453521765,0.9524171054244704,-0.0007127682947886,0.15,0.1
135.5,28.52466064786278,-47.71201642581385,-2.8064380768324546,0.9520663976976952,-0.0006900115819991,0.15,0.1
136.0,28.074294354736104,-47.86597487660337,-2.817952757188905,0.9517270938424712,-0.0006671544098989,0.15,0.1
136.5,27.622343281928067,-48.01468428384717,-2.8294718404420203,0.9513992432877962,-0.0006441999937593,0.15,0.1
137.0,27.168862483183997,-48.158128339882914,-2.8409951795002115,0.951082893848712,-0.0006211515742365,0.15,0.1
137.5,26.713907180000824,-48.29629131445343,-2.8525226261937138,0.9507780917135596,-0.0005980124167571,0.15,0.1
138.0,26.257532755571624,-48.42915805643157,-2.864054031309213,0.9504848814319548,-0.00057478581036,0.15,0.1
138.5,25.79979474871203,-48.55671399548181,-2.8755892446249076,0.9502033059031996,-0.0005514750672682,0.15,0.1
139.0,25.34074884776985,-48.67894514365802,-2.887128114946229,0.9499334063646864,-0.0005280835220029,0.15,0.1
139.5,24.88045088451829,-48.79583809693738,-2.8986704901421283,0.9496752223811966,-0.0005046145302406,0.15,0.1
140.0,24.41895682803323,-48.90738003669029,-2.9102162171817962,0.9494287918344458,-0.0004810714684478,0.15,0.1
140.5,23.95632277855565,-49.01355873108609,-2.9217651421718958,0.9491941509127488,-0.0004574577328341,0.15,0.1
141.0,23.492604961339676,-49.11436253643443,-2.933317110394407,0.9489713341016116,-0.0004337767383215,0.15,0.1
141.5,23.027859720486685,-49.2097803984621,-2.9448719663449037,0.9487603741744272,-0.0004100319180092,0.15,0.1
142.0,22.562143512766717,-49.299801853525246,-2.9564295537711143,0.9485613021836024,-0.000386226721992,0.15,0.1
142.5,22.09551290142724,-49.38441702975688,-2.9679897157120925,0.9483741474524352,-0.0003623646166039,0.15,0.1
143.0,21.62802454999036,-49.46361664814941,-2.979552294537794,0.9481989375669984,-0.0003384490836304,0.15,0.1
143.5,21.159735216039092,-49.537392023572174,-2.9911171319889127,0.9480356983688046,-0.0003144836190891,0.15,0.1
144.0,20.69070174499319,-49.60573506572389,-3.0026840692172296,0.9478844539479092,-0.000290471732647,0.15,0.1
144.5,20.220981063875385,-49.66863828001981,-3.014252946826135,0.9477452266361576,-0.0002664169465381,0.15,0.1
145.0,19.75063017506883,-49.72609476841366,-3.0258236049116354,0.9476180370013711,-0.0002423227944966,0.15,0.1
145.5,19.27970615006595,-49.77809823015399,-3.0373958831035717,0.9475029038416608,-0.0002181928210854,0.15,0.1
146.0,18.80826612321011,-49.82464296247521,-3.0489696206071177,0.9473998441802856,-0.0001940305804633,0.15,0.1
146.5,18.336367285430025,-49.8657238612229,-3.0605446562445473,0.9473088732611976,-0.000169839635741,0.15,0.1
147.0,17.86406687796816,-49.901336421413575,-3.0721208284971593,0.9472300045445446,-0.000145623557868,0.15,0.1
147.5,17.391422186103785,-49.93147673772869,-3.0836979755474974,0.9471632497033295,-0.0001213859243087,0.15,0.1
148.0,16.918490532870678,-49.95614150494293,-3.095275935321744,0.947108618620236,-9.713031875113742e-05,0.15,0.1
148.5,16.445329272771186,-49.97532801828658,-3.1068545455321326,0.9470661193845784,-7.286032979392232e-05,0.15,0.1
149.0,15.97199578548672,-49.98903417374228,-3.118433643719606,0.947035758290442,-4.8579549755789486e-05,0.15,0.1
149.5,15.49854746958524,-49.99725846827561,-3.130013067296608,0.9470175398348226,-2.4291574064583266e-05,0.15,0.1
150.0,15.02504173622705,-50.0,-3.1415926535897922,0.9470114667163774,-1.7763568394002505e-15,0.15,0.1
150.5,14.551536002868865,-49.99725846827561,-3.153172239882977,0.9470175398348208,2.4291574064583266e-05,0.15,0.1
151.0,14.078087686967384,-49.98903417374228,-3.1647516634599793,0.947035758290442,4.85795497344732e-05,0.15,0.1
151.5,13.604754199682915,-49.97532801828658,-3.1763307616474536,0.9470661193845552,7.286032981701496e-05,0.15,0.1
152.0,13.131592939583449,-49.95614150494293,-3.1879093718578404,0.947108618620259,9.713031881997124e-05,0.15,0.1
152.5,12.658661286350297,-49.93147673772869,-3.1994873316320778,0.9471632497033752,0.0001213859242391,0.15,0.1
153.0,12.18601659448592,-49.90133642141358,-3.2110644786824296,0.947230004544498,0.0001456235577999,0.15,0.1
153.5,11.713716187024104,-49.8657238612229,-3.2226406509350474,0.9473088732611752,0.0001698396358088,0.15,0.1
154.0,11.241817349243991,-49.82464296247521,-3.2342156865724503,0.947399844180307,0.0001940305804849,0.15,0.1
154.5,10.770377322388152,-49.778098230154,-3.2457894240760066,0.94750290384166,0.0002181928210677,0.15,0.1
155.0,10.299453297385272,-49.72609476841367,-3.257361702267957,0.9476180370013748,0.0002423227944771,0.15,0.1
155.5,9.829102408578716,-49.66863828001982,-3.2689323603534604,0.9477452266361373,0.0002664169465373,0.15,0.1
156.0,9.359381727460931,-49.60573506572389,-3.2805012379623624,0.947884453947912,0.0002904717326891,0.15,0.1
156.5,8.890348256415004,-49.537392023572174,-3.2920681751906624,0.9480356983688264,0.0003144836190854,0.15,0.1
157.0,8.422058922463744,-49.46361664814942,-3.3036330126417917,0.9481989375669976,0.0003384490836292,0.15,0.1
157.5,7.954570571026859,-49.38441702975688,-3.3151955914674964,0.9483741474524556,0.0003623646166057,0.15,0.1
158.0,7.487939959687369,-49.299801853525246,-3.326755753408471,0.9485613021836032,0.0003862267219523,0.15,0.1
158.5,7.022223751967415,-49.2097803984621,-3.3383133408346857,0.948760374174408,0.0004100319180051,0.15,0.1
159.0,6.557478511114429,-49.11436253643443,-3.349868196785171,0.9489713341016084,0.0004337767383166,0.15,0.1
159.5,6.093760693898453,-49.0135587310861,-3.361420165007694,0.9491941509127246,0.0004574577328406,0.15,0.1
160.0,5.631126644420894,-48.90738003669029,-3.3729690899977958,0.9494287918344492,0.0004810714684961,0.15,0.1
160.5,5.16963258793581,-48.79583809693738,-3.3845148170374513,0.9496752223812208,0.0005046145302097,0.15,0.1
161.0,4.709334624684253,-48.67894514365802,-3.396057192233356,0.949933406364659,0.0005280835219787,0.15,0.1
161.5,4.250288723742095,-48.556713995481815,-3.4075960625546777,0.9502033059031996,0.0005514750673216,0.15,0.1
162.0,3.792550716882477,-48.42915805643157,-3.4191312758703725,0.9504848814319806,0.0005747858103583,0.15,0.1
162.5,3.3361762924532776,-48.29629131445343,-3.4306626809858733,0.950778091713558,0.000598012416752,0.15,0.1
163.0,2.88122098927011,-48.158128339882914,-3.442190127679375,0.9510828938487328,0.0006211515742171,0.15,0.1
163.5,2.4277401905260145,-48.01468428384716,-3.4537134667375553,0.951399243287775,0.0006441999937177,0.15,0.1
164.0,1.9757891177180171,-47.86597487660338,-3.46523254999068,0.9517270938424504,0.0006671544099201,0.15,0.1
164.5,1.5254228245913204,-47.71201642581385,-3.4767472303471307,0.9520663976976952,0.0006900115819957,0.15,0.1
165.0,1.0766961911024016,-47.552825814757696,-3.4882573618274098,0.9524171054244462,0.0007127682948342,0.15,0.1
165.5,0.6296639174003555,-47.38842050047929,-3.499762799597431,0.9527791659925294,0.0007354213590439,0.15,0.1
166.0,0.1843805178287496,-47.21881851187405,-3.5112634000012717,0.9531525267834902,0.0007579676123181,0.15,0.1
166.5,-0.2590996850525364,-47.04403844771128,-3.5227590205932473,0.9535371336048476,0.0007804039201434,0.15,0.1
167.0,-0.7007225664246484,-46.86409947459458,-3.5342495201693023,0.9539329307036336,0.0008027271758671,0.15,0.1
167.5,-1.140434205144803,-46.679021324860095,-3.545734758797771,0.9543398607807148,0.0008249343019893,0.15,0.1
168.0,-1.5781808896596097,-46.48882429441257,-3.5572145978494154,0.954757865005623,0.0008470222507571,0.15,0.1
168.5,-2.0139091238949653,-46.29352924049974,-3.5686889000268383,0.955186883031472,0.000868988004641,0.15,0.1
169.0,-2.4475656331226787,-46.09315757942503,-3.580157529393174,0.955626853010264,0.0008908285770207,0.15,0.1
169.5,-2.8790973698024622,-45.887731284199056,-3.5916203513999387,0.9560777116084926,0.00091254101282,0.15,0.1
170.0,-3.3084515193993624,-45.67727288213004,-3.6030772329143166,0.956539394023084,0.0009341223892586,0.15,0.1
170.5,-3.7355755061752873,-45.46180545235344,-3.6145280422457016,0.9570118339977512,0.000955569816183,0.15,0.1
171.0,-4.160416998954805,-45.24135262330097,-3.625972649171343,0.9574949638392672,0.0009768804365516,0.15,0.1
171.5,-4.582923916863464,-45.01593857010967,-3.6374109249614315,0.9579887144343028,0.0009980514276439,0.15,0.1
172.0,-5.003044435039346,-44.785588011970646,-3.648842742403276,0.9584930152669112,0.0010190800008662,0.15,0.1
172.5,-5.420726990316254,-44.55032620941838,-3.660267975824815,0.9590077944351691,0.0010399634023532,0.15,0.1
173.0,-5.835920286877876,-44.31017896156074,-3.67168650111732,0.9595329786692643,0.001060698914017,0.15,0.1
173.5,-6.248573301883411,-44.06517260324961,-3.6830981957573017,0.9600684933491862,0.0010812838533316,0.15,0.1
174.0,-6.658635291062375,-43.81533400219318,-3.694502938827696,0.960614262522596,0.0011017155741861,0.15,0.1
174.5,-7.0660557942795705,-43.56069055600948,-3.7059006110382344,0.9611702089233723,0.0011219914673142,0.15,0.1
175.0,-7.470784641068434,-43.30127018922194,-3.717291094744968,0.9617362539899104,0.0011421089604878,0.15,0.1
175.5,-7.872771956132919,-43.03710135019718,-3.728674273969107,0.9623123178838602,0.00116206551925,0.15,0.1
176.0,-8.271968164816741,-42.76821300802535,-3.740050034415044,0.9628983195091604,0.0011818586470008,0.15,0.1
176.5,-8.66832399854005,-42.4946346493432,-3.7514182634875284,0.963494176530861,0.0012014858852362,0.15,0.1
177.0,-9.061790500201925,-42.21639627510075,-3.7627788503081314,0.9640998053943964,0.001220944814585,0.15,0.1
177.5,-9.45231902954933,-41.93352839727121,-3.7741316857307927,0.964715121345446,0.0012402330544644,0.15,0.1
178.0,-9.839861268511118,-41.64606203550497,-3.7854766623567633,0.965340038448861,0.0012593482633933,0.15,0.1
178.5,-10.224369226496322,-41.354028713728106,-3.7968136745485968,0.9659744696088394,0.0012782881398296,0.15,0.1
179.0,-10.6057952456573,-41.05746045668521,-3.8081426184434273,0.9666183265886906,0.0012970504218402,0.15,0.1
179.5,-10.984092006115551,-40.756389786427725,-3.819463391965435,0.9672715200306796,0.0013156328876725,0.15,0.1
180.0,-11.359212531151194,-40.450849718747385,-3.8307758948375756,0.9679339594763632,0.0013340333560005,0.15,0.1
180.5,-11.73111019235423,-40.14087375955575,-3.8420800285925156,0.9686055533866802,0.0013522496859926,0.15,0.1
181.0,-12.099738714738102,-39.82649590120983,-3.8533756965826997,0.969286209162356,0.0013702797775401,0.15,0.1
181.5,-12.465052181814098,-39.50775061878452,-3.8646628039897917,0.9699758331642204,0.0013881215715688,0.15,0.1
182.0,-12.827005040626696,-39.184672866292,-3.875941257833309,0.9706743307339248,0.0014057730500782,0.15,0.1
182.5,-13.185552106748972,-38.85729807284854,-3.8872109669784747,0.9713816062142986,0.0014232322362347,0.15,0.1
183.0,-13.540648569237486,-38.52566213878947,-3.89847184214329,0.9720975629701596,0.001440497194669,0.15,0.1
183.5,-13.892249995546448,-38.189801431732114,-3.9097237959049544,0.9728221034089676,0.0014575660315027,0.15,0.1
184.0,-14.240312336400075,-37.84975278258784,-3.920966742705434,0.9735551290016622,0.001474436894337,0.15,0.1
184.5,-14.584791930623336,-37.50555348152298,-3.932200598856441,0.9742965403033048,0.0014911079724561,0.15,0.1
185.0,-14.925645509929538,-37.15724127386974,-3.94342528254359,0.9750462369741184,0.0015075774969852,0.15,0.1
185.5,-15.262830203665589,-36.80485435598673,-3.9546407138298214,0.97580411780029,0.001523843740635,0.15,0.1
186.0,-15.596303543512882,-36.4484313710706,-3.9658468146582457,0.9765700807147534,0.0015399050179913,0.15,0.1
186.5,-15.926023468144706,-36.08801140491812,-3.977043508854157,0.9773440228182814,0.0015557596853827,0.15,0.1
187.0,-16.251948327838562,-35.72363398164018,-3.9882307221265103,0.9781258404001362,0.0015714061409806,0.15,0.1
187.5,-16.574036889043565,-35.355339059327385,-3.9994083820685247,0.978915428959262,0.0015868428247727,0.15,0.1
188.0,-16.89224833890228,-34.98316702566827,-4.010576418157823,0.9797126832249088,0.0016020682183667,0.15,0.1
188.5,-17.20654228972612,-34.60715869352035,-4.021734761755832,0.9805174971776288,0.0016170808451339,0.15,0.1
189.0,-17.516878783424506,-34.22735529643443,-4.032883346106495,0.9813297640700428,0.0016318792701264,0.15,0.1
189.5,-17.823218295886537,-33.84379848413306,-4.044022106334482,0.9821493764477552,0.0016464620998564,0.15,0.1
190.0,-18.125521741315463,-33.45653031794291,-4.05515097944262,0.9829762261698992,0.0016608279822901,0.15,0.1
190.5,-18.42375047651462,-33.06559326618262,-4.066269904308863,0.9838102044300452,0.0016749756069111,0.15,0.1
191.0,-18.717866305125384,-32.67103019950528,-4.077378821682581,0.9846512017768104,0.0016889037043593,0.15,0.1
191.5,-19.00783148181556,-32.27288438619756,-4.088477674180287,0.9854991081344048,0.0017026110463245,0.15,0.1
192.0,-19.29360871641885,-31.87119948743448,-4.099566406280804,0.9863538128231348,0.0017160964453728,0.15,0.1
192.5,-19.57516117802385,-31.46601955249185,-4.110644964319867,0.9872152045797776,0.0017293587552873,0.15,0.1
193.0,-19.852452499013197,-31.057389013915525,-4.121713296484208,0.9880831715784222,0.0017423968703285,0.15,0.1
193.5,-20.12544677905164,-30.64535268264882,-4.132771352805028,0.988957601450106,0.0017552097249701,0.15,0.1
194.0,-20.394108589022824,-30.229955743118765,-4.1438190851510255,0.9898383813033924,0.0017677962943254,0.15,0.1
194.5,-20.658402974914647,-29.8112437482808,-4.15485644722091,0.9907253977444316,0.0017801555933756,0.15,0.1
195.0,-20.91829546165221,-29.38926261462366,-4.165883394535422,0.991618536896768,0.0017922866770181,0.15,0.1
195.5,-21.17375205687847,-28.964058617133936,-4.1768998844288525,0.9925176844214496,0.0018041886400549,0.15,0.1
196.0,-21.424739254681853,-28.535678384221608,-4.187905876040069,0.9934227255368228,0.0018158606165569,0.15,0.1
196.5,-21.67122403927065,-28.10416889260654,-4.198901330303146,0.9943335450380064,0.0018273017795875,0.15,0.1
197.0,-21.91317388859345,-27.669577462167204,-4.209886209937567,0.9952500273164104,0.0018385113414044,0.15,0.1
197.5,-22.1505567779056,-27.23195175075135,-4.2208604794379765,0.996172056379411,0.001849488552954,0.15,0.1
198.0,-22.383341183281065,-26.79133974894981,-4.231824105063433,0.9970995158693644,0.0018602327035769,0.15,0.1
198.5,-22.6114960850694,-26.347789774833885,-4.2427770548264,0.998032289082988,0.0018707431207798,0.15,0.1
199.0,-22.834990971297447,-25.90135046865651,-4.253719298481312,0.9989702589901444,0.0018810191698797,0.15,0.1
199.5,-23.05379584101519,-25.452070787518597,-4.264650807512709,0.9999133082528676,0.0018910602537469,0.15,0.1
200.0,-23.26788120758588,-24.999999999999982,-4.275571555123097,1.000861319243891,0.0019008658125719,0.15,0.1
200.5,-23.477218101919306,-24.54518768075705,-4.286481516220356,1.0018141740654396,0.001910435323738,0.9,0.1
201.0,-23.681778075648936,-24.08768370508576,-4.297380667404935,1.0027717545676291,0.0019197683010885,0.9,0.1
201.5,-23.881533204251262,-23.62753824345273,-4.308268986956698,1.003733942366528,0.0019288642948402,0.9,0.1
202.0,-24.0764560901083,-23.164801755993103,-4.319146454821346,1.0047006188624696,0.0019377228912422,0.9,0.1
202.5,-24.266519865511867,-22.699524986977345,-4.33001305259671,1.0056716652577704,0.0019463437122968,0.9,0.1
203.0,-24.45169819561003,-22.23175895924637,-4.3408687635186824,1.0066469625747665,0.0019547264154178,0.9,0.1
203.5,-24.631965281294985,-21.76155496861636,-4.3517135724469185,1.0076263916731882,0.0019628706930749,0.9,0.1
204.0,-24.80729586203218,-21.288964578253648,-4.362547465850192,1.0086098332678417,0.0019707762724177,0.9,0.1
204.5,-24.977665218630545,-20.814039613020064,-4.373370431791623,1.009597167945606,0.0019784429148761,0.9,0.1
205.0,-25.143049175953056,-20.336832153790045,-4.384182459913624,1.0105882761827176,0.0019858704158848,0.9,0.1
205.5,-25.303424105568,-19.85739453173901,-4.394983541422617,1.0115830383614908,0.0019930586045349,0.9,0.1
206.0,-25.45876692833988,-19.37577932260516,-4.405773669073637,1.0125813347872523,0.0020000073434243,0.9,0.1
206.5,-25.609055116960494,-18.89203934092336,-4.416552837154534,1.013583045704915,0.0020067165278843,0.9,0.1
207.0,-25.75426669841923,-18.40622763423393,-4.427321041470213,1.0145880513151369,0.0020131860857852,0.9,0.1
207.5,-25.89438025641266,-17.918397477265035,-4.438078279326651,1.0155962317907004,0.0020194159771826,0.9,0.1
208.0,-26.029374933693063,-17.42860236609077,-4.448824549514652,1.0166074672923195,0.0020254061940412,0.9,0.1
208.5,-26.15923043435568,-16.936896012264572,-4.459559852293589,1.0176216379847416,0.0020311567598116,0.9,0.1
209.0,-26.28392702606437,-16.443332336929153,-4.47028418937489,1.0186386240521312,0.0020366677290033,0.9,0.1
209.5,-26.403445542215504,-15.947965464903518,-4.480997563905499,1.019658305713745,0.0020419391868604,0.9,0.1
210.0,-26.51776738403981,-15.45084971874738,-4.491699980451194,1.0206805632389917,0.0020469712487358,0.9,0.1
210.5,-26.62687452264189,-14.952039612804333,-4.502391444979764,1.0217052769624808,0.0020517640600814,0.9,0.7
211.0,-26.73074950097733,-14.451589847223566,-4.513071964844149,1.0227323272990732,0.0020563177961141,0.9,0.7
211.5,-26.82937543576702,-13.94955530196148,-4.523741548765424,1.023761594758595,0.0020606326610281,0.9,0.7
212.0,-26.922736019348683,-13.44599103076329,-4.534400206815783,1.0247929599601011,0.0020647088877661,0.9,0.7
212.5,-27.010815521465094,-12.940952255126076,-4.54504795040145,1.025826303646361,0.0020685467379182,0.9,0.7
213.0,-27.093598790989155,-12.434494358242766,-4.555684792245509,1.0268615066980196,0.0020721465007766,0.9,0.7
213.5,-27.17107125758532,-11.926672878929018,-4.5663107463706725,1.0278984501471378,0.0020755084935513,0.9,0.7
214.0,-27.243218933307435,-11.417543505532793,-4.576925828082048,1.0289370151915709,0.0020786330609463,0.9,0.7
214.5,-27.310028414132702,-10.90716206982712,-4.587530053949894,1.029977083208084,0.0020815205741429,0.9,0.7
215.0,-27.37148688143152,-10.395584540887992,-4.598123441792327,1.0310185357657138,0.002084171431002,0.9,0.7
215.5,-27.42758210337324,-9.88286701895632,-4.608706010658023,1.0320612546390862,0.0020865860554755,0.9,0.7
216.0,-27.47830243626749,-9.369065729286232,-4.619277780808918,1.0331051218211893,0.0020887648972862,0.9,0.7
216.5,-27.523636825841063,-8.854237015979155,-4.629838773702925,1.0341500195363724,0.0020907084317449,0.9,0.7
217.0,-27.56357480845012,-8.338437335805136,-4.6403890119766835,1.0351958302529345,0.0020924171589429,0.9,0.7
217.5,-27.59810651222766,-7.821723252011553,-4.650928519428241,1.0362424366953151,0.0020938916035591,0.9,0.7
218.0,-27.627222658166097,-7.304151428120623,-4.661457320999911,1.0372897218564934,0.0020951323147426,0.9,0.7
218.5,-27.65091456113477,-6.78577862171525,-4.671975442761046,1.038337569010058,0.0020961398651646,0.9,0.7
219.0,-27.66917413083241,-6.266661678215186,-4.682482911890939,1.039385861721658,0.0020969148512706,0.9,0.7
219.5,-27.68199387267424,-5.746857524643337,-4.69297975666166,1.0404344838613286,0.0020974578928658,0.9,0.7
220.0,-27.689366888614,-5.226423163382668,-4.703466006421051,1.041483319614524,0.0020977696320796,0.9,0.7
220.5,-27.69128687790023,-4.705415665925743,-4.713941691575791,1.0425322534934085,0.0020978507336277,0.9,0.7
221.0,-27.68774813776736,-4.18389216661579,-4.724406843574453,1.0435811703481517,0.0020977018842232,0.9,0.7
221.5,-27.678745564060968,-3.661909856381587,-4.73486149489076,1.0446299553776317,0.0020973237922565,0.9,0.7
222.0,-27.664274651797555,-3.13952597646566,-4.745305679006716,1.0456784941404085,0.00209671718767,0.9,0.7
222.5,-27.644331495658577,-2.6167978121472157,-4.755739430395991,1.0467266725653015,0.0020958828211503,0.9,0.7
223.0,-27.61891279041872,-2.0937826864599933,-4.766162784507423,1.0477743769615586,0.0020948214639961,0.9,0.7
223.5,-27.588015831308283,-1.570537953906459,-4.776575777748462,1.0488214940292977,0.0020935339078191,0.9,0.7
224.0,-27.551638514309897,-1.0471209941678363,-4.786978447468845,1.0498679108693778,0.0020920209639738,0.9,0.7
224.5,-27.509779336389133,-0.5235892058122663,-4.7973708319443435,1.0509135149932716,0.0020902834638254,0.9,0.7
225.0,-27.462437395659432,-9.184850993605147e-15,-4.807752970360523,1.0519581943332033,0.0020883222577519,0.9,0.7
225.5,-27.409612391480945,0.5235892058122923,-4.818124902796821,1.0530018372510237,0.0020861382147665,0.9,0.7
226.0,-27.351304624493533,1.047120994167818,-4.828486670210595,1.0540443325479698,0.0020837322227904,0.9,0.7
226.5,-27.287514996583745,1.5705379539063968,-4.838838314421283,1.055085569473814,0.0020811051877449,0.9,0.7
227.0,-27.218245010785992,2.093782686459975,-4.849179878094743,1.0561254377357148,0.0020782580335014,0.9,0.7
227.5,-27.143496771117675,2.616797812147197,-4.85951140472776,1.0571638275073154,0.0020751917017238,0.9,0.7
228.0,-27.063272982348472,3.1395259764656425,-4.8698329386326,1.0582006294374386,0.0020719071511052,0.9,0.7
228.5,-26.97757694970371,3.6619098563815697,-4.880144524921766,1.0592357346584207,0.0020684053572757,0.9,0.7
229.0,-26.88641257850193,4.183892166615727,-4.890446209492836,1.0602690347947143,0.0020646873125169,0.9,0.7
229.5,-26.78978437372661,4.705415665925725,-4.900738039013491,1.0613004219709377,0.0020607540252428,0.9,0.7
230.0,-26.68769743953219,5.226423163382695,-4.911020060906721,1.0623297888199572,0.0020566065203182,0.9,0.7
230.5,-26.58015747868426,5.7468575246433184,-4.921292323336055,1.063357028491256,0.0020522458380716,0.9,0.7
231.0,-26.467170791934237,6.266661678215211,-4.931554875191047,1.0643820346580288,0.0020476730339487,0.9,0.7
231.5,-26.34874427732844,6.7857786217151865,-4.9418077660728965,1.0654047015252046,0.0020428891788601,0.9,0.7
232.0,-26.22488542945159,7.30415142812056,-4.952051046280234,1.066424923836889,0.0020378953582966,0.9,0.7
232.5,-26.09560233860496,7.821723252011534,-4.962284766794974,1.0674425968835013,0.0020326926722911,0.9,0.7
233.0,-25.960903689919235,8.338437335805116,-4.972508979268451,1.06845761650918,0.0020272822353355,0.9,0.7
233.5,-25.820798762402006,8.854237015979136,-4.982723736007671,1.0694698791188368,0.0020216651756881,0.9,0.7
234.0,-25.67529742792025,9.369065729286213,-4.992929089961625,1.0704792816848685,0.0020158426350846,0.9,0.7
234.5,-25.52441015011782,9.882867018956302,-5.003125094707953,1.0714857217539215,0.0020098157688814,0.9,0.7
235.0,-25.36814798326792,10.395584540887972,-5.013311804439631,1.0724890974537498,0.0020035857455609,0.9,0.7
235.5,-25.20652257106092,10.907162069827145,-5.023489273951861,1.0734893074994825,0.001997153746428,0.9,0.7
236.0,-25.039546145327467,11.417543505532771,-5.033657558629088,1.0744862512001778,0.001990520965347,0.9,0.7
236.5,-24.86723152469717,11.92667287892904,-5.043816714432323,1.0754798284648297,0.0019836886084987,0.9,0.7
237.0,-24.689592113192845,12.434494358242706,-5.053966797886511,1.0764699398086766,0.0019766578940811,0.9,0.7
237.5,-24.50664189876059,12.94095225512606,-5.064107866068004,1.077456486358911,0.0019694300521218,0.9,0.7
238.0,-24.31839545173601,13.445991030763278,-5.074239976592416,1.0784393698607984,0.0019620063244794,0.9,0.7
238.5,-24.12486792324616,13.949555301961464,-5.084363187602464,1.07941849268339,0.0019543879640868,0.9,0.7
239.0,-23.926075043548288,14.45158984722355,-5.0944775577560355,1.0803937578248852,0.0019465762349439,0.9,0.7
239.5,-23.72203312030467,14.952039612804317,-5.1045831462144555,1.081365068918334,0.0019385724119298,0.9,0.7
240.0,-23.512759036794417,15.450849718747364,-5.114680012630924,1.082332330236815,0.001930377780591,0.15,0.7
240.5,-23.29827025006193,15.947965464903502,-5.124768217139064,1.083295446698925,0.0019219936368499,0.15,0.7
241.0,-23.078584789002598,16.443332336929178,-5.134847820341663,1.084254323873665,0.0019134212868088,0.15,0.7
241.5,-22.853721252385736,16.936896012264555,-5.144918883299635,1.085208867985734,0.0019046620465053,0.15,0.7
242.0,-22.62369880681495,17.428602366090757,-5.154981467521157,1.0861589859201704,0.0018957172415887,0.15,0.7
242.5,-22.38853718462637,17.918397477264982,-5.165035634950831,1.087104585227323,0.0018865882072101,0.15,0.7
243.0,-22.148256681724742,18.406227634233915,-5.175081447959192,1.0880455741273805,0.0018772762878676,0.15,0.7
243.5,-21.90287815535784,18.892039340923343,-5.185118969332369,1.0889818615151905,0.0018677828372994,0.15,0.7
244.0,-21.65242302182903,19.375779322605148,-5.195148262261727,1.08991335696468,0.0018581092179008,0.15,0.7
244.5,-21.39691325414898,19.857394531739,-5.205169390333897,1.0908399707330911,0.0018482568007875,0.15,0.7
245.0,-21.136371379625874,20.336832153789988,-5.2151824175208965,1.0917616137654675,0.0018382269655023,0.15,0.1
245.5,-20.87082047739516,20.81403961302005,-5.225187408170379,1.0926781976985935,0.0018280210999355,0.15,0.1
246.0,-20.60028417588862,21.288964578253637,-5.235184426996108,1.093589634865403,0.0018176406001282,0.15,0.1
246.5,-20.324786650243222,21.761554968616387,-5.245173539068526,1.0944958382987218,0.0018070868699846,0.15,0.1
247.0,-20.044352619650116,22.23175895924636,-5.255154809805565,1.0953967217353875,0.00179636132115,0.15,0.1
247.5,-19.759007344643763,22.69952498697733,-5.265128304963569,1.0962921996198718,0.0017854653726092,0.15,0.1
248.0,-19.468776624332016,23.16480175599309,-5.27509409062843,1.097182187107997,0.0017744004508593,0.15,0.1
248.5,-19.173686793566795,23.62753824345271,-5.2850522332068355,1.098066600070731,0.0017631679897425,0.15,0.1
249.0,-18.87376472005629,24.087683705085745,-5.295002799417649,1.0989453550977395,0.0017517694299402,0.15,0.1
249.5,-18.56903780141849,24.54518768075703,-5.304945856283566,1.0998183695006714,0.001740206218938,0.15,0.1
250.0,-18.25953396217688,24.99999999999996,-5.314881471122836,1.1006855613166775,0.0017284798110741,0.15,0.1
250.5,-17.945281650698025,25.452070787518537,-5.324809711541112,1.1015468493117455,0.0017165916668808,0.15,0.1
251.0,-17.626309836072057,25.90135046865653,-5.3347306454235905,1.1024021529835584,0.0017045432535689,0.15,0.1
251.5,-17.30264800493585,26.347789774833867,-5.344644340927173,1.1032513925653145,0.0016923360447258,0.15,0.1
252.0,-16.97432615823931,26.791339748949834,-5.35455086647282,1.1040944890282842,0.0016799715195516,0.15,0.1
252.5,-16.641374807955692,27.23195175075133,-5.364450290738117,1.104931364084866,0.0016674511633667,0.15,0.1
253.0,-16.303824973735367,27.66957746216719,-5.374342682649887,1.105761940191651,0.0016547764671819,0.15,0.1
253.5,-15.961708179504392,28.104168892606523,-5.384228111377054,1.106586140552048,0.0016419489276449,0.15,0.1
254.0,-15.6150564500074,28.535678384221587,-5.394106646323568,1.107403889119296,0.0016289700470693,0.15,0.1
254.5,-15.263902307295837,28.96405861713392,-5.403978357121529,1.1082151105991174,0.0016158413329334,0.15,0.1
255.0,-14.90827876716141,29.38926261462364,-5.41384331362448,1.1090197304522291,0.0016025642978798,0.15,0.1
255.5,-14.548219335515691,29.811243748280752,-5.423701585900751,1.1098176748969972,0.0015891404597638,0.15,0.1
256.0,-14.18375800471568,30.229955743118715,-5.433553244227002,1.1106088709119932,0.0015755713411225,0.15,0.1
256.5,-13.814929249836265,30.64535268264884,-5.443398359081971,1.1113932462381195,0.0015618584695527,0.15,0.1
257.0,-13.441768024889658,31.05738901391551,-5.453237001140208,1.112170729381546,0.0015480033775319,0.15,0.1
257.5,-13.064309758992117,31.46601955249187,-5.463069241266053,1.1129412496156517,0.00153400760173,0.15,0.1
258.0,-12.682590352478968,31.87119948743446,-5.4728951505078,1.113704736983276,0.0015198726833782,0.15,0.1
258.5,-12.296646172967511,32.27288438619751,-5.482714800091823,1.11446112229903,0.0015056001680291,0.15,0.1
259.0,-11.906514051369127,32.67103019950526,-5.492528261416965,1.1152103371513051,0.0014911916054969,0.15,0.1
259.5,-11.51223127785019,33.0655932661826,-5.502335606049092,1.1159523139045269,0.0014766485498665,0.15,0.1
260.0,-11.11383559774286,33.45653031794289,-5.512136905715618,1.1166869857011716,0.0014619725590381,0.15,0.1
260.5,-10.711365207405766,33.843798484133025,-5.52193223230026,1.117414286463565,0.0014471651948171,0.15,0.1
261.0,-10.304858750035551,34.2273552964344,-5.531721657837975,1.1181341508959888,0.0014322280228127,0.15,0.1
261.5,-9.894355311428956,34.60715869352035,-5.541505254509893,1.1188465144863775,0.001417162612169,0.15,0.1
262.0,-9.479894415696917,34.98316702566829,-5.551283094638464,1.1195513135081578,0.0014019705360766,0.15,0.1
262.5,-9.061516020930055,35.35533905932737,-5.561055250682653,1.1202484850224543,0.0013866533709776,0.15,0.1
263.0,-8.639260514816854,35.72363398164018,-5.570821795233354,1.1209379668791355,0.0013712126964393,0.15,0.1
263.5,-8.213168710214852,36.08801140491809,-5.580582801008802,1.1216196977188937,0.0013556500957006,0.15,0.1
264.0,-7.783281840674846,36.44843137107057,-5.590338340850184,1.122293616974836,0.0013399671549969,0.15,0.1
264.5,-7.349641555919348,36.80485435598671,-5.600088487717356,1.1229596648738909,0.0013241654637319,0.15,0.1
265.0,-6.912289917275125,37.15724127386972,-5.6098333146846295,1.123617782438568,0.0013082466145568,0.15,0.1
265.5,-6.471269393060748,37.505553481522966,-5.619572894936729,1.1242679114884475,0.0012922122028431,0.15,0.1
266.0,-6.026622853929322,37.84975278258781,-5.629307301764724,1.1249099946414112,0.0012760638268678,0.15,0.1
266.5,-5.578393568167517,38.18980143173208,-5.639036608562295,1.1255439753153154,0.001259803087722,0.15,0.1
267.0,-5.126625196950336,38.52566213878947,-5.648760888821921,1.1261697977291332,0.0012434315889824,0.15,0.1
267.5,-4.671361789553622,38.857298072848565,-5.658480216131192,1.1267874069042978,0.0012269509373821,0.15,0.1
268.0,-4.2126477785232055,39.18467286629198,-5.6681946641692775,1.1273967486665153,0.0012103627419755,0.15,0.1
268.5,-3.750527974802413,39.50775061878452,-5.677904306703483,1.1279977696462733,0.0011936686139557,0.15,0.1
269.0,-3.285047562818264,39.8264959012098,-5.687609217585914,1.128590417280471,0.0011768701673255,0.15,0.1
269.5,-2.8162520955262096,40.14087375955572,-5.697309470750153,1.129174639813599,0.0011599690182435,0.15,0.1
270.0,-2.3441874894149777,40.45084971874736,-5.7070051402081114,1.1297503862987146,0.0011429667851456,0.15,0.1
270.5,-1.868900019471166,40.75638978642772,-5.7166963000470385,1.1303176065987446,0.0011258650888792,0.15,0.1
271.0,-1.3904363141047469,41.05746045668519,-5.726383024426464,1.1308762513875938,0.0011086655522811,0.15,0.1
271.5,-0.908843350035589,41.35402871372808,-5.736065387575238,1.1314262721510258,0.0010913698000543,0.15,0.1
272.0,-0.4241684471421614,41.64606203550497,-5.745743463788875,1.1319676211876482,0.0010739794591594,0.15,0.1
272.5,0.0635407367277842,41.9335283972712,-5.755417327426779,1.1325002516101852,0.0010564961585128,0.15,0.1
273.0,0.5542362109834116,42.21639627510076,-5.765087052909557,1.133024117346161,0.0010389215288759,0.15,0.1
273.5,1.0478696575534272,42.49463464934319,-5.774752714716523,1.1335391731390612,0.0010212572028505,0.15,0.1
274.0,1.5443924361848929,42.76821300802533,-5.78441438738321,1.1340453745490116,0.0010035048147571,0.15,0.1
274.5,2.0437555897769,43.03710135019716,-5.794072145498982,1.1345426779538184,0.0009856660006017,0.15,0.1
275.0,2.545909849749602,43.30127018922194,-5.803726063704734,1.1350310405496131,0.0009677423980982,0.15,0.1
275.5,3.0508056414466225,43.560690556009455,-5.813376216690614,1.1355104203519166,0.0009497356467706,0.15,0.1
276.0,3.558393089572,43.815334002193175,-5.823022679193912,1.135980776196384,0.0009316473874816,0.15,0.1
276.5,4.068622023659124,44.06517260324959,-5.8326655259969575,1.1364420677393985,0.0009134792626404,0.15,0.1
277.0,4.581441983572837,44.31017896156072,-5.842304831925061,1.1368942554590244,0.0008952329160694,0.15,0.1
277.5,5.096802225042687,44.55032620941838,-5.851940671844604,1.1373373006554677,0.0008769099930809,0.15,0.1
278.0,5.614651725227748,44.78558801197063,-5.861573120661142,1.1377711654521054,0.0008585121404063,0.15,0.1
278.5,6.134939188311851,45.01593857010968,-5.871202253317649,1.138195812795874,0.0008400410060545,0.15,0.1
279.0,6.657613051128653,45.24135262330096,-5.880828144792661,1.13861120645816,0.0008214982393246,0.15,0.1
279.5,7.182621488816327,45.46180545235342,-5.890450870098646,1.1390173110351989,0.0008028854906747,0.15,0.1
280.0,7.709912420500441,45.67727288213002,-5.900070504280407,1.1394140919488347,0.0007842044117463,0.15,0.1
280.5,8.239433515005558,45.887731284199056,-5.909687122413477,1.139801515446945,0.0007654566553696,0.15,0.1
281.0,8.771132196593499,46.09315757942502,-5.919300799602649,1.1401795486042043,0.0007466438756669,0.15,0.1
281.5,9.304955650729394,46.29352924049973,-5.928911610980461,1.140548159322612,0.0007277677276251,0.15,0.1
282.0,9.84085082987291,46.48882429441255,-5.938519631705865,1.1409073163318295,0.0007088298672699,0.15,0.1
282.5,10.378764459295898,46.67902132486008,-5.948124936962894,1.1412569891898818,0.0006898319516017,0.15,0.1
283.0,10.918643042924252,46.86409947459457,-5.95772760195931,1.1415971482834313,0.0006707756386519,0.15,0.1
283.5,11.460432869204542,47.04403844771127,-5.9673277019254245,1.1419277648285338,0.0006516625874031,0.15,0.1
284.0,12.004080016994052,47.218818511874055,-5.9769253121129005,1.1422488108708344,0.0006324944577114,0.15,0.1
284.5,12.549530361473774,47.38842050047928,-5.9865205077935855,1.1425602592862452,0.0006132729103083,0.15,0.1
285.0,13.096729580084004,47.55282581475768,-5.9961133642584725,1.1428620837811427,0.0005939996065018,0.15,0.1
285.5,13.645623158481143,47.71201642581385,-6.005703956816596,1.143154258892747,0.0005746762085774,0.15,0.1
286.0,14.196156396515995,47.865974876603374,-6.015292360794055,1.1434367599897202,0.000555304379761,0.15,0.1
286.5,14.748274414232172,48.01468428384715,-6.024878651533052,1.143709563272508,0.0005358857837485,0.15,0.1
287.0,15.301922157884452,48.15812833988291,-6.034462904390946,1.143972645773469,0.0005164220848927,0.15,0.1
287.5,15.85704440597576,48.29629131445341,-6.044045194739432,1.1442259853574008,0.0004969149484488,0.15,0.1
288.0,16.41358577531316,48.429158056431554,-6.053625597963621,1.1444695607219175,0.0004773660399448,0.15,0.1
288.5,16.971490727080997,48.556713995481815,-6.063204189461258,1.1447033513973457,0.0004577770257589,0.15,0.1
289.0,17.530703572931312,48.67894514365802,-6.0727810446419745,1.1449273377476763,0.0004381495730658,0.15,0.1
289.5,18.091168481091074,48.79583809693738,-6.082356238926503,1.1451415009704116,0.0004184853491568,0.15,0.1
290.0,18.652829482484293,48.90738003669029,-6.091929847746017,1.1453458230968334,0.0003987860220191,0.15,0.1
290.5,19.215630476870054,49.01355873108609,-6.101501946541387,1.1455402869924307,0.0003790532600949,0.15,0.1
291.0,19.77951523899423,49.11436253643443,-6.111072610762552,1.1457248763569283,0.0003592887322676,0.15,0.1
291.5,20.3444274247554,49.2097803984621,-6.120641915867975,1.1458995757246984,0.0003394941080687,0.15,0.1
292.0,20.910310577383516,49.299801853525246,-6.130209937323955,1.146064370464997,0.0003196710572817,0.15,0.1
292.5,21.477108133631184,49.38441702975688,-6.139776750604034,1.14621924678198,0.0002998212500076,0.15,0.1
293.0,22.044763429976204,49.46361664814941,-6.149342431188558,1.1463641917150047,0.0002799463569038,0.15,0.1
293.5,22.613219708835665,49.53739202357217,-6.158907054564039,1.146499193138884,0.0002600480486452,0.15,0.1
294.0,23.182420124789815,49.60573506572389,-6.168470696222721,1.14662423976365,0.0002401279964709,0.15,0.1
294.5,23.75230775081576,49.66863828001981,-6.178033431662074,1.146739321135355,0.0002201878721346,0.15,0.1
295.0,24.32282558453052,49.72609476841367,-6.187595336384303,1.1468444276357843,0.0002002293472369,0.15,0.1
295.5,24.89391655444153,49.77809823015399,-6.1971564858959045,1.146939550482592,0.0001802540937807,0.15,0.1
296.0,25.46552352620558,49.82464296247521,-6.206716955707239,1.1470246817295653,0.000160263783947,0.15,0.1
296.5,26.037589308893867,49.8657238612229,-6.216276821332114,1.147099814266539,0.0001402600901261,0.15,0.1
297.0,26.610056661263886,49.90133642141358,-6.225836158287359,1.1471649418196914,0.0001202446850865,0.15,0.1
297.5,27.18286829803642,49.93147673772869,-6.235395042092394,1.1472200589516257,0.0001002192415426,0.15,0.1
298.0,27.755966896177732,49.95614150494293,-6.244953548268892,1.147265161061234,8.018543234400433e-05,0.15,0.1
298.5,28.32929510118536,49.97532801828658,-6.254511752340384,1.1473002443839695,6.014493050421344e-05,0.15,0.1
299.0,28.902795533378068,49.98903417374228,-6.26406972983182,1.1473253059917383,4.8188228041645687e-05,0.15,0.1
299.5,29.47641079418773,49.99725846827561,-6.26884864005518,1.1473484326120111,4.6253240545635066e-05,0.15,0.1
