time_s,obj_id,class,gt_cx_m,gt_cy_m,gt_w_m,gt_h_m
0.0,101,truck,20.0,-60.0,2.0,4.0
0.0,102,berm,8.0,25.0,3.0,10.0
0.0,103,truck,-18.0,60.0,2.0,4.5
0.5,101,truck,20.224991562594923,-59.7,2.0,4.0
0.5,102,berm,8.0,25.0,3.0,10.0
0.5,103,truck,-18.124996744817096,59.75,2.0,4.5
1.0,101,truck,20.449932503037434,-59.4,2.0,4.0
1.0,102,berm,8.0,25.0,3.0,10.0
1.0,103,truck,-18.249973959147123,59.5,2.0,4.5
1.5,101,truck,20.674772210564903,-59.1,2.0,4.0
1.5,102,berm,8.0,25.0,3.0,10.0
1.5,103,truck,-18.374912115554604,59.25,2.0,4.5
2.0,101,truck,20.899460097191668,-58.8,2.0,4.0
2.0,102,berm,8.0,25.0,3.0,10.0
2.0,103,truck,-18.499791692706783,59.0,2.0,4.5
2.5,101,truck,21.123945609091134,-58.5,2.0,4.0
2.5,102,berm,8.0,25.0,3.0,10.0
2.5,103,truck,-18.6245931784238,58.75,2.0,4.5
3.0,101,truck,21.348178237970167,-58.2,2.0,4.0
3.0,102,berm,8.0,25.0,3.0,10.0
3.0,103,truck,-18.749297072727423,58.5,2.0,4.5
3.5,101,truck,21.572107532433236,-57.9,2.0,4.0
3.5,102,berm,8.0,25.0,3.0,10.0
3.5,103,truck,-18.87388389088787,58.25,2.0,4.5
4.0,101,truck,21.79568310933379,-57.6,2.0,4.0
4.0,102,berm,8.0,25.0,3.0,10.0
4.0,103,truck,-18.998334166468283,58.0,2.0,4.5
4.5,101,truck,22.018854665110226,-57.3,2.0,4.0
4.5,102,berm,8.0,25.0,3.0,10.0
4.5,103,truck,-19.122628454366286,57.75,2.0,4.5
5.0,101,truck,22.24157198710399,-57.0,2.0,4.0
5.0,102,berm,8.0,25.0,3.0,10.0
5.0,103,truck,-19.246747333852277,57.5,2.0,4.5
5.5,101,truck,22.463784964857215,-56.7,2.0,4.0
5.5,102,berm,8.0,25.0,3.0,10.0
5.5,103,truck,-19.370671411603855,57.25,2.0,4.5
6.0,101,truck,22.685443601387362,-56.4,2.0,4.0
6.0,102,berm,8.0,25.0,3.0,10.0
6.0,103,truck,-19.494381324735993,57.0,2.0,4.5
6.5,101,truck,22.90649802443633,-56.1,2.0,4.0
6.5,102,berm,8.0,25.0,3.0,10.0
6.5,103,truck,-19.617857743826452,56.75,2.0,4.5
7.0,101,truck,23.126898497691492,-55.8,2.0,4.0
7.0,102,berm,8.0,25.0,3.0,10.0
7.0,103,truck,-19.74108137593596,56.5,2.0,4.5
7.5,101,truck,23.346595431976183,-55.5,2.0,4.0
7.5,102,berm,8.0,25.0,3.0,10.0
7.5,103,truck,-19.8640329676227,56.25,2.0,4.5
8.0,101,truck,23.56553939640702,-55.2,2.0,4.0
8.0,102,berm,8.0,25.0,3.0,10.0
8.0,103,truck,-19.986693307950613,56.0,2.0,4.5
8.5,101,truck,23.78368112951567,-54.9,2.0,4.0
8.5,102,berm,8.0,25.0,3.0,10.0
8.5,103,truck,-20.109043231491075,55.75,2.0,4.5
9.0,101,truck,24.00097155033247,-54.6,2.0,4.0
9.0,102,berm,8.0,25.0,3.0,10.0
9.0,103,truck,-20.231063621317453,55.5,2.0,4.5
9.5,101,truck,24.21736176942941,-54.3,2.0,4.0
9.5,102,berm,8.0,25.0,3.0,10.0
9.5,103,truck,-20.35273541199209,55.25,2.0,4.5
10.0,101,truck,24.432803099920093,-54.0,2.0,4.0
10.0,102,berm,8.0,25.0,3.0,10.0
10.0,103,truck,-20.47403959254523,55.0,2.0,4.5
10.5,101,truck,24.647247068414043,-53.7,2.0,4.0
10.5,102,berm,8.0,25.0,3.0,10.0
10.5,103,truck,-20.594957209445454,54.75,2.0,4.5
11.0,101,truck,24.860645425923025,-53.4,2.0,4.0
11.0,102,berm,8.0,25.0,3.0,10.0
11.0,103,truck,-20.71546936956113,54.5,2.0,4.5
11.5,101,truck,25.07295015871687,-53.1,2.0,4.0
11.5,102,berm,8.0,25.0,3.0,10.0
11.5,103,truck,-20.83555724311242,54.25,2.0,4.5
12.0,101,truck,25.28411349912635,-52.8,2.0,4.0
12.0,102,berm,8.0,25.0,3.0,10.0
12.0,103,truck,-20.955202066613396,54.0,2.0,4.5
12.5,101,truck,25.494087936290715,-52.5,2.0,4.0
12.5,102,berm,8.0,25.0,3.0,10.0
12.5,103,truck,-21.07438514580381,53.75,2.0,4.5
13.0,101,truck,25.70282622684742,-52.2,2.0,4.0
13.0,102,berm,8.0,25.0,3.0,10.0
13.0,103,truck,-21.19308785857001,53.5,2.0,4.5
13.5,101,truck,25.910281405561705,-51.9,2.0,4.0
13.5,102,berm,8.0,25.0,3.0,10.0
13.5,103,truck,-21.31129165785463,53.25,2.0,4.5
14.0,101,truck,26.116406795893553,-51.6,2.0,4.0
14.0,102,berm,8.0,25.0,3.0,10.0
14.0,103,truck,-21.428978074554514,53.0,2.0,4.5
14.5,101,truck,26.32115602049972,-51.3,2.0,4.0
14.5,102,berm,8.0,25.0,3.0,10.0
14.5,103,truck,-21.546128720406486,52.75,2.0,4.5
15.0,101,truck,26.52448301166845,-51.0,2.0,4.0
15.0,102,berm,8.0,25.0,3.0,10.0
15.0,103,truck,-21.662725290860475,52.5,2.0,4.5
15.5,101,truck,26.726342021684516,-50.7,2.0,4.0
15.5,102,berm,8.0,25.0,3.0,10.0
15.5,103,truck,-21.778749567939563,52.25,2.0,4.5
16.0,101,truck,26.926687633122242,-50.4,2.0,4.0
16.0,102,berm,8.0,25.0,3.0,10.0
16.0,103,truck,-21.894183423086506,52.0,2.0,4.5
16.5,101,truck,27.12547476906426,-50.1,2.0,4.0
16.5,102,berm,8.0,25.0,3.0,10.0
16.5,103,truck,-22.009008819996286,51.75,2.0,4.5
17.0,101,truck,27.32265870324361,-49.8,2.0,4.0
17.0,102,berm,8.0,25.0,3.0,10.0
17.0,103,truck,-22.12320781743425,51.5,2.0,4.5
17.5,101,truck,27.518195070106966,-49.5,2.0,4.0
17.5,102,berm,8.0,25.0,3.0,10.0
17.5,103,truck,-22.236762572039382,51.25,2.0,4.5
18.0,101,truck,27.712039874796695,-49.2,2.0,4.0
18.0,102,berm,8.0,25.0,3.0,10.0
18.0,103,truck,-22.349655341112303,51.0,2.0,4.5
18.5,101,truck,27.904149503049517,-48.9,2.0,4.0
18.5,102,berm,8.0,25.0,3.0,10.0
18.5,103,truck,-22.461868485387527,50.75,2.0,4.5
19.0,101,truck,28.094480731009536,-48.6,2.0,4.0
19.0,102,berm,8.0,25.0,3.0,10.0
19.0,103,truck,-22.573384471789556,50.5,2.0,4.5
19.5,101,truck,28.28299073495341,-48.3,2.0,4.0
19.5,102,berm,8.0,25.0,3.0,10.0
19.5,103,truck,-22.684185876172393,50.25,2.0,4.5
20.0,101,truck,28.469637100925528,-48.0,2.0,4.0
20.0,102,berm,8.0,25.0,3.0,10.0
20.0,103,truck,-22.79425538604203,50.0,2.0,4.5
20.5,101,truck,28.65437783428095,-47.7,2.0,4.0
20.5,102,berm,8.0,25.0,3.0,10.0
20.5,103,truck,-22.903575803261486,49.75,2.0,4.5
21.0,101,truck,28.83717136913404,-47.4,2.0,4.0
21.0,102,berm,8.0,25.0,3.0,10.0
21.0,103,truck,-23.01213004673798,49.5,2.0,4.5
21.5,101,truck,29.017976577710613,-47.1,2.0,4.0
21.5,102,berm,8.0,25.0,3.0,10.0
21.5,103,truck,-23.11990115509182,49.25,2.0,4.5
22.0,101,truck,29.196752779601503,-46.8,2.0,4.0
22.0,102,berm,8.0,25.0,3.0,10.0
22.0,103,truck,-23.22687228930659,49.0,2.0,4.5
22.5,101,truck,29.373459750915497,-46.5,2.0,4.0
22.5,102,berm,8.0,25.0,3.0,10.0
22.5,103,truck,-23.3330267353602,48.75,2.0,4.5
23.0,101,truck,29.548057733329518,-46.2,2.0,4.0
23.0,102,berm,8.0,25.0,3.0,10.0
23.0,103,truck,-23.438347906836427,48.5,2.0,4.5
23.5,101,truck,29.72050744303411,-45.9,2.0,4.0
23.5,102,berm,8.0,25.0,3.0,10.0
23.5,103,truck,-23.542819347516495,48.25,2.0,4.5
24.0,101,truck,29.890770079572096,-45.6,2.0,4.0
24.0,102,berm,8.0,25.0,3.0,10.0
24.0,103,truck,-23.646424733950354,48.0,2.0,4.5
24.5,101,truck,30.058807334568556,-45.3,2.0,4.0
24.5,102,berm,8.0,25.0,3.0,10.0
24.5,103,truck,-23.74914787800715,47.75,2.0,4.5
25.0,101,truck,30.22458140035001,-45.0,2.0,4.0
25.0,102,berm,8.0,25.0,3.0,10.0
25.0,103,truck,-23.85097272940462,47.5,2.0,4.5
25.5,101,truck,30.38805497845102,-44.7,2.0,4.0
25.5,102,berm,8.0,25.0,3.0,10.0
25.5,103,truck,-23.951883378216895,47.25,2.0,4.5
26.0,101,truck,30.549191288006156,-44.4,2.0,4.0
26.0,102,berm,8.0,25.0,3.0,10.0
26.0,103,truck,-24.051864057360397,47.0,2.0,4.5
26.5,101,truck,30.70795407402555,-44.1,2.0,4.0
26.5,102,berm,8.0,25.0,3.0,10.0
26.5,103,truck,-24.15089914505742,46.75,2.0,4.5
27.0,101,truck,30.86430761555214,-43.8,2.0,4.0
27.0,102,berm,8.0,25.0,3.0,10.0
27.0,103,truck,-24.248973167276997,46.5,2.0,4.5
27.5,101,truck,31.01821673369868,-43.5,2.0,4.0
27.5,102,berm,8.0,25.0,3.0,10.0
27.5,103,truck,-24.34607080015269,46.25,2.0,4.5
28.0,101,truck,31.16964679956289,-43.2,2.0,4.0
28.0,102,berm,8.0,25.0,3.0,10.0
28.0,103,truck,-24.442176872376912,46.0,2.0,4.5
28.5,101,truck,31.318563742018796,-42.900000000000006,2.0,4.0
28.5,102,berm,8.0,25.0,3.0,10.0
28.5,103,truck,-24.537276367571394,45.75,2.0,4.5
29.0,101,truck,31.464934055382578,-42.6,2.0,4.0
29.0,102,berm,8.0,25.0,3.0,10.0
29.0,103,truck,-24.631354426633497,45.5,2.0,4.5
29.5,101,truck,31.608724806951226,-42.3,2.0,4.0
29.5,102,berm,8.0,25.0,3.0,10.0
29.5,103,truck,-24.724396350057894,45.25,2.0,4.5
30.0,101,truck,31.74990364441225,-42.0,2.0,4.0
30.0,102,berm,8.0,25.0,3.0,10.0
30.0,103,truck,-24.81638760023334,45.0,2.0,4.5
30.5,101,truck,31.888438803122817,-41.7,2.0,4.0
30.5,102,berm,8.0,25.0,3.0,10.0
30.5,103,truck,-24.907313803714157,44.75,2.0,4.5
31.0,101,truck,32.02429911325666,-41.400000000000006,2.0,4.0
31.0,102,berm,8.0,25.0,3.0,10.0
31.0,103,truck,-24.997160753466037,44.5,2.0,4.5
31.5,101,truck,32.15745400681715,-41.1,2.0,4.0
31.5,102,berm,8.0,25.0,3.0,10.0
31.5,103,truck,-25.085914411085874,44.25,2.0,4.5
32.0,101,truck,32.28787352451498,-40.8,2.0,4.0
32.0,102,berm,8.0,25.0,3.0,10.0
32.0,103,truck,-25.173560908995228,44.0,2.0,4.5
32.5,101,truck,32.41552832250886,-40.5,2.0,4.0
32.5,102,berm,8.0,25.0,3.0,10.0
32.5,103,truck,-25.260086552607127,43.75,2.0,4.5
33.0,101,truck,32.54038967900781,-40.2,2.0,4.0
33.0,102,berm,8.0,25.0,3.0,10.0
33.0,103,truck,-25.34547782246579,43.5,2.0,4.5
33.5,101,truck,32.662429500733346,-39.900000000000006,2.0,4.0
33.5,102,berm,8.0,25.0,3.0,10.0
33.5,103,truck,-25.42972137635902,43.25,2.0,4.5
34.0,101,truck,32.78162032924045,-39.6,2.0,4.0
34.0,102,berm,8.0,25.0,3.0,10.0
34.0,103,truck,-25.51280405140293,43.0,2.0,4.5
34.5,101,truck,32.89793534709552,-39.3,2.0,4.0
34.5,102,berm,8.0,25.0,3.0,10.0
34.5,103,truck,-25.59471286609856,42.75,2.0,4.5
35.0,101,truck,33.01134838391025,-39.0,2.0,4.0
35.0,102,berm,8.0,25.0,3.0,10.0
35.0,103,truck,-25.675435022360272,42.5,2.0,4.5
35.5,101,truck,33.12183392222982,-38.7,2.0,4.0
35.5,102,berm,8.0,25.0,3.0,10.0
35.5,103,truck,-25.75495790751537,42.25,2.0,4.5
36.0,101,truck,33.229367103274214,-38.400000000000006,2.0,4.0
36.0,102,berm,8.0,25.0,3.0,10.0
36.0,103,truck,-25.833269096274833,42.0,2.0,4.5
36.5,101,truck,33.33392373253133,-38.1,2.0,4.0
36.5,102,berm,8.0,25.0,3.0,10.0
36.5,103,truck,-25.910356352674754,41.75,2.0,4.5
37.0,101,truck,33.43548028520071,-37.8,2.0,4.0
37.0,102,berm,8.0,25.0,3.0,10.0
37.0,103,truck,-25.986207631988144,41.5,2.0,4.5
37.5,101,truck,33.534013911486426,-37.5,2.0,4.0
37.5,102,berm,8.0,25.0,3.0,10.0
37.5,103,truck,-26.060811082606932,41.25,2.0,4.5
38.0,101,truck,33.629502441738246,-37.2,2.0,4.0
38.0,102,berm,8.0,25.0,3.0,10.0
38.0,103,truck,-26.13415504789374,41.0,2.0,4.5
38.5,101,truck,33.721924391439714,-36.900000000000006,2.0,4.0
38.5,102,berm,8.0,25.0,3.0,10.0
38.5,103,truck,-26.206228068003206,40.75,2.0,4.5
39.0,101,truck,33.81125896604203,-36.6,2.0,4.0
39.0,102,berm,8.0,25.0,3.0,10.0
39.0,103,truck,-26.27701888167258,40.5,2.0,4.5
39.5,101,truck,33.89748606564281,-36.3,2.0,4.0
39.5,102,berm,8.0,25.0,3.0,10.0
39.5,103,truck,-26.346516427981236,40.25,2.0,4.5
40.0,101,truck,33.980586289508395,-36.0,2.0,4.0
40.0,102,berm,8.0,25.0,3.0,10.0
40.0,103,truck,-26.414709848078964,40.0,2.0,4.5
40.5,101,truck,34.060540940439,-35.7,2.0,4.0
40.5,102,berm,8.0,25.0,3.0,10.0
40.5,103,truck,-26.481588486882615,39.75,2.0,4.5
41.0,101,truck,34.137332028975464,-35.400000000000006,2.0,4.0
41.0,102,berm,8.0,25.0,3.0,10.0
41.0,103,truck,-26.547141894740935,39.5,2.0,4.5
41.5,101,truck,34.21094227744683,-35.1,2.0,4.0
41.5,102,berm,8.0,25.0,3.0,10.0
41.5,103,truck,-26.611359829067315,39.25,2.0,4.5
42.0,101,truck,34.281355123857736,-34.8,2.0,4.0
42.0,102,berm,8.0,25.0,3.0,10.0
42.0,103,truck,-26.67423225594017,39.0,2.0,4.5
42.5,101,truck,34.34855472561479,-34.5,2.0,4.0
42.5,102,berm,8.0,25.0,3.0,10.0
42.5,103,truck,-26.735749351670712,38.75,2.0,4.5
43.0,101,truck,34.41252596309109,-34.2,2.0,4.0
43.0,102,berm,8.0,25.0,3.0,10.0
43.0,103,truck,-26.795901504337888,38.5,2.0,4.5
43.5,101,truck,34.47325444302808,-33.900000000000006,2.0,4.0
43.5,102,berm,8.0,25.0,3.0,10.0
43.5,103,truck,-26.85467931529023,38.25,2.0,4.5
44.0,101,truck,34.530726501773984,-33.6,2.0,4.0
44.0,102,berm,8.0,25.0,3.0,10.0
44.0,103,truck,-26.912073600614352,38.0,2.0,4.5
44.5,101,truck,34.58492920835802,-33.3,2.0,4.0
44.5,102,berm,8.0,25.0,3.0,10.0
44.5,103,truck,-26.968075392569943,37.75,2.0,4.5
45.0,101,truck,34.63585036739989,-33.0,2.0,4.0
45.0,102,berm,8.0,25.0,3.0,10.0
45.0,103,truck,-27.02267594099095,37.5,2.0,4.5
45.5,101,truck,34.68347852185362,-32.7,2.0,4.0
45.5,102,berm,8.0,25.0,3.0,10.0
45.5,103,truck,-27.07586671465276,37.25,2.0,4.5
46.0,101,truck,34.727802955585396,-32.400000000000006,2.0,4.0
46.0,102,berm,8.0,25.0,3.0,10.0
46.0,103,truck,-27.12763940260521,37.0,2.0,4.5
46.5,101,truck,34.768813695784615,-32.1,2.0,4.0
46.5,102,berm,8.0,25.0,3.0,10.0
46.5,103,truck,-27.177985915471133,36.75,2.0,4.5
47.0,101,truck,34.806501515207756,-31.8,2.0,4.0
47.0,102,berm,8.0,25.0,3.0,10.0
47.0,103,truck,-27.22689838671033,36.5,2.0,4.5
47.5,101,truck,34.84085793425443,-31.5,2.0,4.0
47.5,102,berm,8.0,25.0,3.0,10.0
47.5,103,truck,-27.274369173848676,36.25,2.0,4.5
48.0,101,truck,34.871875222875296,-31.200000000000003,2.0,4.0
48.0,102,berm,8.0,25.0,3.0,10.0
48.0,103,truck,-27.320390859672266,36.0,2.0,4.5
48.5,101,truck,34.899546402311266,-30.900000000000002,2.0,4.0
48.5,102,berm,8.0,25.0,3.0,10.0
48.5,103,truck,-27.36495625338631,35.75,2.0,4.5
49.0,101,truck,34.92386524666371,-30.6,2.0,4.0
49.0,102,berm,8.0,25.0,3.0,10.0
49.0,103,truck,-27.40805839173872,35.5,2.0,4.5
49.5,101,truck,34.94482628429524,-30.3,2.0,4.0
49.5,102,berm,8.0,25.0,3.0,10.0
49.5,103,truck,-27.449690540108065,35.25,2.0,4.5
50.0,101,truck,34.96242479906081,-30.0,2.0,4.0
50.0,102,berm,8.0,25.0,3.0,10.0
50.0,103,truck,-27.489846193555863,35.0,2.0,4.5
50.5,101,truck,34.97665683136886,-29.700000000000003,2.0,4.0
50.5,102,berm,8.0,25.0,3.0,10.0
50.5,103,truck,-27.528519077842958,34.75,2.0,4.5
51.0,101,truck,34.987519179072144,-29.400000000000002,2.0,4.0
51.0,102,berm,8.0,25.0,3.0,10.0
51.0,103,truck,-27.56570315040986,34.5,2.0,4.5
51.5,101,truck,34.99500939818826,-29.1,2.0,4.0
51.5,102,berm,8.0,25.0,3.0,10.0
51.5,103,truck,-27.60139260132088,34.25,2.0,4.5
52.0,101,truck,34.999125803449495,-28.8,2.0,4.0
52.0,102,berm,8.0,25.0,3.0,10.0
52.0,103,truck,-27.63558185417193,34.0,2.0,4.5
52.5,101,truck,34.99986746868205,-28.5,2.0,4.0
52.5,102,berm,8.0,25.0,3.0,10.0
52.5,103,truck,-27.668265566961804,33.75,2.0,4.5
53.0,101,truck,34.99723422701437,-28.200000000000003,2.0,4.0
53.0,102,berm,8.0,25.0,3.0,10.0
53.0,103,truck,-27.699438632926874,33.5,2.0,4.5
53.5,101,truck,34.99122667091471,-27.9,2.0,4.0
53.5,102,berm,8.0,25.0,3.0,10.0
53.5,103,truck,-27.729096181339003,33.25,2.0,4.5
54.0,101,truck,34.98184615205786,-27.6,2.0,4.0
54.0,102,berm,8.0,25.0,3.0,10.0
54.0,103,truck,-27.757233578266593,33.0,2.0,4.5
54.5,101,truck,34.96909478102099,-27.300000000000004,2.0,4.0
54.5,102,berm,8.0,25.0,3.0,10.0
54.5,103,truck,-27.783846427298617,32.75,2.0,4.5
55.0,101,truck,34.952975426808784,-27.0,2.0,4.0
55.0,102,berm,8.0,25.0,3.0,10.0
55.0,103,truck,-27.80893057023156,32.5,2.0,4.5
55.5,101,truck,34.93349171620794,-26.700000000000003,2.0,4.0
55.5,102,berm,8.0,25.0,3.0,10.0
55.5,103,truck,-27.832482087719118,32.25,2.0,4.5
56.0,101,truck,34.91064803297114,-26.4,2.0,4.0
56.0,102,berm,8.0,25.0,3.0,10.0
56.0,103,truck,-27.8544972998846,32.0,2.0,4.5
56.5,101,truck,34.88444951683074,-26.1,2.0,4.0
56.5,102,berm,8.0,25.0,3.0,10.0
56.5,103,truck,-27.8749727668959,31.75,2.0,4.5
57.0,101,truck,34.85490206234237,-25.800000000000004,2.0,4.0
57.0,102,berm,8.0,25.0,3.0,10.0
57.0,103,truck,-27.893905289502953,31.5,2.0,4.5
57.5,101,truck,34.82201231755862,-25.5,2.0,4.0
57.5,102,berm,8.0,25.0,3.0,10.0
57.5,103,truck,-27.911291909537617,31.25,2.0,4.5
58.0,101,truck,34.785787682533304,-25.200000000000003,2.0,4.0
58.0,102,berm,8.0,25.0,3.0,10.0
58.0,103,truck,-27.927129910375882,31.0,2.0,4.5
58.5,101,truck,34.746236307656496,-24.9,2.0,4.0
58.5,102,berm,8.0,25.0,3.0,10.0
58.5,103,truck,-27.94141681736235,30.75,2.0,4.5
59.0,101,truck,34.70336709182068,-24.6,2.0,4.0
59.0,102,berm,8.0,25.0,3.0,10.0
59.0,103,truck,-27.95415039819686,30.5,2.0,4.5
59.5,101,truck,34.657189680418576,-24.300000000000004,2.0,4.0
59.5,102,berm,8.0,25.0,3.0,10.0
59.5,103,truck,-27.965328663283316,30.25,2.0,4.5
60.0,101,truck,34.60771446317293,-24.0,2.0,4.0
60.0,102,berm,8.0,25.0,3.0,10.0
60.0,103,truck,-27.974949866040546,30.0,2.0,4.5
60.5,101,truck,34.55495257179891,-23.700000000000003,2.0,4.0
60.5,102,berm,8.0,25.0,3.0,10.0
60.5,103,truck,-27.983012503175186,29.75,2.0,4.5
61.0,101,truck,34.49891587749947,-23.4,2.0,4.0
61.0,102,berm,8.0,25.0,3.0,10.0
61.0,103,truck,-27.989515314916588,29.5,2.0,4.5
61.5,101,truck,34.43961698829443,-23.1,2.0,4.0
61.5,102,berm,8.0,25.0,3.0,10.0
61.5,103,truck,-27.994457285213652,29.25,2.0,4.5
62.0,101,truck,34.377069246183716,-22.800000000000004,2.0,4.0
62.0,102,berm,8.0,25.0,3.0,10.0
62.0,103,truck,-27.99783764189357,29.0,2.0,4.5
62.5,101,truck,34.31128672414541,-22.5,2.0,4.0
62.5,102,berm,8.0,25.0,3.0,10.0
62.5,103,truck,-27.99965585678249,28.75,2.0,4.5
63.0,101,truck,34.24228422296946,-22.200000000000003,2.0,4.0
63.0,102,berm,8.0,25.0,3.0,10.0
63.0,103,truck,-27.999911645788032,28.5,2.0,4.5
63.5,101,truck,34.170077267927525,-21.9,2.0,4.0
63.5,102,berm,8.0,25.0,3.0,10.0
63.5,103,truck,-27.998604968943688,28.25,2.0,4.5
64.0,101,truck,34.09468210527987,-21.6,2.0,4.0
64.0,102,berm,8.0,25.0,3.0,10.0
64.0,103,truck,-27.995736030415053,28.0,2.0,4.5
64.5,101,truck,34.01611569862003,-21.300000000000004,2.0,4.0
64.5,102,berm,8.0,25.0,3.0,10.0
64.5,103,truck,-27.991305278467937,27.75,2.0,4.5
65.0,101,truck,33.93439572505804,-21.0,2.0,4.0
65.0,102,berm,8.0,25.0,3.0,10.0
65.0,103,truck,-27.985313405398315,27.5,2.0,4.5
65.5,101,truck,33.8495405712432,-20.700000000000003,2.0,4.0
65.5,102,berm,8.0,25.0,3.0,10.0
65.5,103,truck,-27.97776134742417,27.25,2.0,4.5
66.0,101,truck,33.76156932922714,-20.4,2.0,4.0
66.0,102,berm,8.0,25.0,3.0,10.0
66.0,103,truck,-27.968650284539187,27.0,2.0,4.5
66.5,101,truck,33.6705017921682,-20.1,2.0,4.0
66.5,102,berm,8.0,25.0,3.0,10.0
66.5,103,truck,-27.957981640328413,26.75,2.0,4.5
67.0,101,truck,33.576358449878015,-19.800000000000004,2.0,4.0
67.0,102,berm,8.0,25.0,3.0,10.0
67.0,103,truck,-27.945757081745796,26.5,2.0,4.5
67.5,101,truck,33.479160484211434,-19.5,2.0,4.0
67.5,102,berm,8.0,25.0,3.0,10.0
67.5,103,truck,-27.931978518853747,26.25,2.0,4.5
68.0,101,truck,33.37892976430069,-19.200000000000003,2.0,4.0
68.0,102,berm,8.0,25.0,3.0,10.0
68.0,103,truck,-27.916648104524683,26.0,2.0,4.5
68.5,101,truck,33.275688841634924,-18.9,2.0,4.0
68.5,102,berm,8.0,25.0,3.0,10.0
68.5,103,truck,-27.899768234104656,25.75,2.0,4.5
69.0,101,truck,33.16946094498617,-18.6,2.0,4.0
69.0,102,berm,8.0,25.0,3.0,10.0
69.0,103,truck,-27.881341545039074,25.5,2.0,4.5
69.5,101,truck,33.06026997518305,-18.300000000000004,2.0,4.0
69.5,102,berm,8.0,25.0,3.0,10.0
69.5,103,truck,-27.86137091646062,25.25,2.0,4.5
70.0,101,truck,32.94814049973311,-18.0,2.0,4.0
70.0,102,berm,8.0,25.0,3.0,10.0
70.0,103,truck,-27.83985946873937,25.0,2.0,4.5
70.5,101,truck,32.833097747295284,-17.700000000000003,2.0,4.0
70.5,102,berm,8.0,25.0,3.0,10.0
70.5,103,truck,-27.816810562995272,24.75,2.0,4.5
71.0,101,truck,32.71516760200355,-17.4,2.0,4.0
71.0,102,berm,8.0,25.0,3.0,10.0
71.0,103,truck,-27.792227800572952,24.5,2.0,4.5
71.5,101,truck,32.59437659764307,-17.1,2.0,4.0
71.5,102,berm,8.0,25.0,3.0,10.0
71.5,103,truck,-27.76611502247903,24.25,2.0,4.5
72.0,101,truck,32.470751911680246,-16.800000000000004,2.0,4.0
72.0,102,berm,8.0,25.0,3.0,10.0
72.0,103,truck,-27.738476308781955,24.0,2.0,4.5
72.5,101,truck,32.34432135914789,-16.5,2.0,4.0
72.5,102,berm,8.0,25.0,3.0,10.0
72.5,103,truck,-27.709315977974505,23.75,2.0,4.5
73.0,101,truck,32.21511338638694,-16.200000000000003,2.0,4.0
73.0,102,berm,8.0,25.0,3.0,10.0
73.0,103,truck,-27.67863858629905,23.5,2.0,4.5
73.5,101,truck,32.08315706464617,-15.899999999999999,2.0,4.0
73.5,102,berm,8.0,25.0,3.0,10.0
73.5,103,truck,-27.646448927035628,23.25,2.0,4.5
74.0,101,truck,31.948482083541304,-15.600000000000001,2.0,4.0
74.0,102,berm,8.0,25.0,3.0,10.0
74.0,103,truck,-27.612752029753,23.0,2.0,4.5
74.5,101,truck,31.811118744374912,-15.300000000000004,2.0,4.0
74.5,102,berm,8.0,25.0,3.0,10.0
74.5,103,truck,-27.577553159522818,22.75,2.0,4.5
75.0,101,truck,31.67109795331882,-15.0,2.0,4.0
75.0,102,berm,8.0,25.0,3.0,10.0
75.0,103,truck,-27.54085781609694,22.5,2.0,4.5
75.5,101,truck,31.528451214460304,-14.700000000000003,2.0,4.0
75.5,102,berm,8.0,25.0,3.0,10.0
75.5,103,truck,-27.502671733048118,22.25,2.0,4.5
76.0,101,truck,31.383210622713833,-14.399999999999999,2.0,4.0
76.0,102,berm,8.0,25.0,3.0,10.0
76.0,103,truck,-27.463000876874144,22.0,2.0,4.5
76.5,101,truck,31.235408856599804,-14.100000000000001,2.0,4.0
76.5,102,berm,8.0,25.0,3.0,10.0
76.5,103,truck,-27.421851446065585,21.75,2.0,4.5
77.0,101,truck,31.085079170892065,-13.800000000000004,2.0,4.0
77.0,102,berm,8.0,25.0,3.0,10.0
77.0,103,truck,-27.37922987013728,21.5,2.0,4.5
77.5,101,truck,30.932255389135705,-13.5,2.0,4.0
77.5,102,berm,8.0,25.0,3.0,10.0
77.5,103,truck,-27.33514280862376,21.25,2.0,4.5
78.0,101,truck,30.776971896036894,-13.200000000000003,2.0,4.0
78.0,102,berm,8.0,25.0,3.0,10.0
78.0,103,truck,-27.28959715003869,21.0,2.0,4.5
78.5,101,truck,30.619263629726483,-12.899999999999999,2.0,4.0
78.5,102,berm,8.0,25.0,3.0,10.0
78.5,103,truck,-27.242600010798565,20.75,2.0,4.5
79.0,101,truck,30.459166073899066,-12.600000000000001,2.0,4.0
79.0,102,berm,8.0,25.0,3.0,10.0
79.0,103,truck,-27.194158734110772,20.5,2.0,4.5
79.5,101,truck,30.296715249829305,-12.300000000000004,2.0,4.0
79.5,102,berm,8.0,25.0,3.0,10.0
79.5,103,truck,-27.144280888826238,20.25,2.0,4.5
80.0,101,truck,30.131947708267262,-12.0,2.0,4.0
80.0,102,berm,8.0,25.0,3.0,10.0
80.0,103,truck,-27.092974268256818,20.0,2.0,4.5
80.5,101,truck,29.9649005212147,-11.700000000000003,2.0,4.0
80.5,102,berm,8.0,25.0,3.0,10.0
80.5,103,truck,-27.040246888957586,19.75,2.0,4.5
81.0,101,truck,29.795611273583976,-11.399999999999999,2.0,4.0
81.0,102,berm,8.0,25.0,3.0,10.0
81.0,103,truck,-26.98610698947429,19.5,2.0,4.5
81.5,101,truck,29.624118054741615,-11.100000000000001,2.0,4.0
81.5,102,berm,8.0,25.0,3.0,10.0
81.5,103,truck,-26.930563029056074,19.25,2.0,4.5
82.0,101,truck,29.450459449938382,-10.800000000000004,2.0,4.0
82.0,102,berm,8.0,25.0,3.0,10.0
82.0,103,truck,-26.87362368633375,19.0,2.0,4.5
82.5,101,truck,29.27467453162774,-10.5,2.0,4.0
82.5,102,berm,8.0,25.0,3.0,10.0
82.5,103,truck,-26.81529785796378,18.75,2.0,4.5
83.0,101,truck,29.096802850674727,-10.200000000000003,2.0,4.0
83.0,102,berm,8.0,25.0,3.0,10.0
83.0,103,truck,-26.755594657238177,18.5,2.0,4.5
83.5,101,truck,28.916884427457155,-9.899999999999999,2.0,4.0
83.5,102,berm,8.0,25.0,3.0,10.0
83.5,103,truck,-26.694523412660594,18.25,2.0,4.5
84.0,101,truck,28.73495974286123,-9.600000000000001,2.0,4.0
84.0,102,berm,8.0,25.0,3.0,10.0
84.0,103,truck,-26.632093666488736,18.0,2.0,4.5
84.5,101,truck,28.5510697291735,-9.300000000000004,2.0,4.0
84.5,102,berm,8.0,25.0,3.0,10.0
84.5,103,truck,-26.56831517324344,17.75,2.0,4.5
85.0,101,truck,28.365255760871257,-9.0,2.0,4.0
85.0,102,berm,8.0,25.0,3.0,10.0
85.0,103,truck,-26.50319789818452,17.5,2.0,4.5
85.5,101,truck,28.177559645313472,-8.700000000000003,2.0,4.0
85.5,102,berm,8.0,25.0,3.0,10.0
85.5,103,truck,-26.436752015753715,17.25,2.0,4.5
86.0,101,truck,27.988023613334317,-8.399999999999999,2.0,4.0
86.0,102,berm,8.0,25.0,3.0,10.0
86.0,103,truck,-26.36898790798498,17.0,2.0,4.5
86.5,101,truck,27.796690309741386,-8.100000000000001,2.0,4.0
86.5,102,berm,8.0,25.0,3.0,10.0
86.5,103,truck,-26.299916162882276,16.75,2.0,4.5
87.0,101,truck,27.603602783720802,-7.800000000000004,2.0,4.0
87.0,102,berm,8.0,25.0,3.0,10.0
87.0,103,truck,-26.22954757276526,16.5,2.0,4.5
87.5,101,truck,27.408804479151335,-7.5,2.0,4.0
87.5,102,berm,8.0,25.0,3.0,10.0
87.5,103,truck,-26.15789313258297,16.25,2.0,4.5
88.0,101,truck,27.21233922482973,-7.200000000000003,2.0,4.0
88.0,102,berm,8.0,25.0,3.0,10.0
88.0,103,truck,-26.084964038195903,16.0,2.0,4.5
88.5,101,truck,27.014251224609357,-6.899999999999999,2.0,4.0
88.5,102,berm,8.0,25.0,3.0,10.0
88.5,103,truck,-26.010771684626683,15.75,2.0,4.5
89.0,101,truck,26.814585047454596,-6.600000000000001,2.0,4.0
89.0,102,berm,8.0,25.0,3.0,10.0
89.0,103,truck,-25.935327664279612,15.5,2.0,4.5
89.5,101,truck,26.613385617412973,-6.300000000000004,2.0,4.0
89.5,102,berm,8.0,25.0,3.0,10.0
89.5,103,truck,-25.85864376512938,15.25,2.0,4.5
90.0,101,truck,26.41069820350745,-6.0,2.0,4.0
90.0,102,berm,8.0,25.0,3.0,10.0
90.0,103,truck,-25.780731968879213,15.0,2.0,4.5
90.5,101,truck,26.206568409551068,-5.700000000000003,2.0,4.0
90.5,102,berm,8.0,25.0,3.0,10.0
90.5,103,truck,-25.701604449088766,14.75,2.0,4.5
91.0,101,truck,26.001042163886293,-5.399999999999999,2.0,4.0
91.0,102,berm,8.0,25.0,3.0,10.0
91.0,103,truck,-25.621273569272024,14.5,2.0,4.5
91.5,101,truck,25.794165709051352,-5.100000000000001,2.0,4.0
91.5,102,berm,8.0,25.0,3.0,10.0
91.5,103,truck,-25.53975188096552,14.25,2.0,4.5
92.0,101,truck,25.585985591375838,-4.800000000000004,2.0,4.0
92.0,102,berm,8.0,25.0,3.0,10.0
92.0,103,truck,-25.4570521217672,14.0,2.0,4.5
92.5,101,truck,25.376548650507953,-4.5,2.0,4.0
92.5,102,berm,8.0,25.0,3.0,10.0
92.5,103,truck,-25.373187213346192,13.75,2.0,4.5
93.0,101,truck,25.16590200887585,-4.200000000000003,2.0,4.0
93.0,102,berm,8.0,25.0,3.0,10.0
93.0,103,truck,-25.2881702594238,13.5,2.0,4.5
93.5,101,truck,24.954093061085242,-3.8999999999999986,2.0,4.0
93.5,102,berm,8.0,25.0,3.0,10.0
93.5,103,truck,-25.202014543726122,13.25,2.0,4.5
94.0,101,truck,24.741169463255808,-3.6000000000000014,2.0,4.0
94.0,102,berm,8.0,25.0,3.0,10.0
94.0,103,truck,-25.114733527908445,13.0,2.0,4.5
94.5,101,truck,24.527179122298797,-3.3000000000000043,2.0,4.0
94.5,102,berm,8.0,25.0,3.0,10.0
94.5,103,truck,-25.026340849451916,12.75,2.0,4.5
95.0,101,truck,24.312170185138164,-3.0,2.0,4.0
95.0,102,berm,8.0,25.0,3.0,10.0
95.0,103,truck,-24.936850319532716,12.5,2.0,4.5
95.5,101,truck,24.096191027877715,-2.700000000000003,2.0,4.0
95.5,102,berm,8.0,25.0,3.0,10.0
95.5,103,truck,-24.846275920864073,12.25,2.0,4.5
96.0,101,truck,23.879290244916664,-2.4000000000000057,2.0,4.0
96.0,102,berm,8.0,25.0,3.0,10.0
96.0,103,truck,-24.754631805511508,12.0,2.0,4.5
96.5,101,truck,23.661516638016135,-2.1000000000000014,2.0,4.0
96.5,102,berm,8.0,25.0,3.0,10.0
96.5,103,truck,-24.66193229268159,11.75,2.0,4.5
97.0,101,truck,23.44291920531897,-1.8000000000000043,2.0,4.0
97.0,102,berm,8.0,25.0,3.0,10.0
97.0,103,truck,-24.56819186648461,11.5,2.0,4.5
97.5,101,truck,23.223547130325308,-1.5,2.0,4.0
97.5,102,berm,8.0,25.0,3.0,10.0
97.5,103,truck,-24.473425173671444,11.25,2.0,4.5
98.0,101,truck,23.003449770826556,-1.2000000000000028,2.0,4.0
98.0,102,berm,8.0,25.0,3.0,10.0
98.0,103,truck,-24.377647021345034,11.0,2.0,4.5
98.5,101,truck,22.78267664780008,-0.9000000000000057,2.0,4.0
98.5,102,berm,8.0,25.0,3.0,10.0
98.5,103,truck,-24.280872374646833,10.75,2.0,4.5
99.0,101,truck,22.561277434267186,-0.6000000000000014,2.0,4.0
99.0,102,berm,8.0,25.0,3.0,10.0
99.0,103,truck,-24.183116354418495,10.5,2.0,4.5
99.5,101,truck,22.339301944116883,-0.30000000000000426,2.0,4.0
99.5,102,berm,8.0,25.0,3.0,10.0
99.5,103,truck,-24.08439423483929,10.25,2.0,4.5
100.0,101,truck,22.11680012089801,0.0,2.0,4.0
100.0,102,berm,8.0,25.0,3.0,10.0
100.0,103,truck,-23.984721441039564,10.0,2.0,4.5
100.5,101,truck,21.89382202658212,0.29999999999999716,2.0,4.0
100.5,102,berm,8.0,25.0,3.0,10.0
100.5,103,truck,-23.884113546690557,9.75,2.0,4.5
101.0,101,truck,21.67041783029975,0.5999999999999943,2.0,4.0
101.0,102,berm,8.0,25.0,3.0,10.0
101.0,103,truck,-23.782586271571073,9.5,2.0,4.5
101.5,101,truck,21.446637797052585,0.8999999999999986,2.0,4.0
101.5,102,berm,8.0,25.0,3.0,10.0
101.5,103,truck,-23.680155479111306,9.25,2.0,4.5
102.0,101,truck,21.22253227640404,1.1999999999999957,2.0,4.0
102.0,102,berm,8.0,25.0,3.0,10.0
102.0,103,truck,-23.576837173914164,9.0,2.0,4.5
102.5,101,truck,20.998151691150827,1.5,2.0,4.0
102.5,102,berm,8.0,25.0,3.0,10.0
102.5,103,truck,-23.472647499254652,8.75,2.0,4.5
103.0,101,truck,20.77354652597802,1.7999999999999972,2.0,4.0
103.0,102,berm,8.0,25.0,3.0,10.0
103.0,103,truck,-23.367602734557444,8.5,2.0,4.5
103.5,101,truck,20.548767316100243,2.0999999999999943,2.0,4.0
103.5,102,berm,8.0,25.0,3.0,10.0
103.5,103,truck,-23.26171929285333,8.25,2.0,4.5
104.0,101,truck,20.32386463589144,2.3999999999999986,2.0,4.0
104.0,102,berm,8.0,25.0,3.0,10.0
104.0,103,truck,-23.15501371821464,8.0,2.0,4.5
104.5,101,truck,20.09888908750586,2.6999999999999957,2.0,4.0
104.5,102,berm,8.0,25.0,3.0,10.0
104.5,103,truck,-23.04750268317033,7.75,2.0,4.5
105.0,101,truck,19.87389128949277,3.0,2.0,4.0
105.0,102,berm,8.0,25.0,3.0,10.0
105.0,103,truck,-22.93920298610089,7.5,2.0,4.5
105.5,101,truck,19.648921865407527,3.299999999999997,2.0,4.0
105.5,102,berm,8.0,25.0,3.0,10.0
105.5,103,truck,-22.830131548613654,7.25,2.0,4.5
106.0,101,truck,19.424031432421476,3.5999999999999943,2.0,4.0
106.0,102,berm,8.0,25.0,3.0,10.0
106.0,103,truck,-22.720305412898824,7.0,2.0,4.5
106.5,101,truck,19.199270589933274,3.8999999999999986,2.0,4.0
106.5,102,berm,8.0,25.0,3.0,10.0
106.5,103,truck,-22.609741739066664,6.75,2.0,4.5
107.0,101,truck,18.974689908184285,4.200000000000003,2.0,4.0
107.0,102,berm,8.0,25.0,3.0,10.0
107.0,103,truck,-22.49845780246627,6.5,2.0,4.5
107.5,101,truck,18.750339916880456,4.5,2.0,4.0
107.5,102,berm,8.0,25.0,3.0,10.0
107.5,103,truck,-22.386470990986332,6.25,2.0,4.5
108.0,101,truck,18.526271093823375,4.799999999999997,2.0,4.0
108.0,102,berm,8.0,25.0,3.0,10.0
108.0,103,truck,-22.2737988023383,6.0,2.0,4.5
108.5,101,truck,18.30253385355293,5.099999999999994,2.0,4.0
108.5,102,berm,8.0,25.0,3.0,10.0
108.5,103,truck,-22.16045884132242,5.75,2.0,4.5
109.0,101,truck,18.079178536004306,5.3999999999999915,2.0,4.0
109.0,102,berm,8.0,25.0,3.0,10.0
109.0,103,truck,-22.04646881707702,5.5,2.0,4.5
109.5,101,truck,17.85625539518168,5.700000000000003,2.0,4.0
109.5,102,berm,8.0,25.0,3.0,10.0
109.5,103,truck,-21.93184654031147,5.25,2.0,4.5
110.0,101,truck,17.633814587851276,6.0,2.0,4.0
110.0,102,berm,8.0,25.0,3.0,10.0
110.0,103,truck,-21.816609920523316,5.0,2.0,4.5
110.5,101,truck,17.411906162256336,6.299999999999997,2.0,4.0
110.5,102,berm,8.0,25.0,3.0,10.0
110.5,103,truck,-21.700776963199953,4.75,2.0,4.5
111.0,101,truck,17.190580046856454,6.599999999999994,2.0,4.0
111.0,102,berm,8.0,25.0,3.0,10.0
111.0,103,truck,-21.5843657670053,4.5,2.0,4.5
111.5,101,truck,16.96988603909388,6.8999999999999915,2.0,4.0
111.5,102,berm,8.0,25.0,3.0,10.0
111.5,103,truck,-21.467394520951927,4.25,2.0,4.5
112.0,101,truck,16.749873794189305,7.200000000000003,2.0,4.0
112.0,102,berm,8.0,25.0,3.0,10.0
112.0,103,truck,-21.349881501559047,4.0,2.0,4.5
112.5,101,truck,16.530592813969673,7.5,2.0,4.0
112.5,102,berm,8.0,25.0,3.0,10.0
112.5,103,truck,-21.23184506999687,3.75,2.0,4.5
113.0,101,truck,16.31209243573045,7.799999999999997,2.0,4.0
113.0,102,berm,8.0,25.0,3.0,10.0
113.0,103,truck,-21.11330366921767,3.5,2.0,4.5
113.5,101,truck,16.09442182113494,8.099999999999994,2.0,4.0
113.5,102,berm,8.0,25.0,3.0,10.0
113.5,103,truck,-20.994275821074158,3.25,2.0,4.5
114.0,101,truck,15.877629945153139,8.399999999999991,2.0,4.0
114.0,102,berm,8.0,25.0,3.0,10.0
114.0,103,truck,-20.874780123425445,3.0,2.0,4.5
114.5,101,truck,15.661765585042561,8.700000000000003,2.0,4.0
114.5,102,berm,8.0,25.0,3.0,10.0
114.5,103,truck,-20.754835247231163,2.75,2.0,4.5
115.0,101,truck,15.446877309373566,9.0,2.0,4.0
115.0,102,berm,8.0,25.0,3.0,10.0
115.0,103,truck,-20.634459933634208,2.5,2.0,4.5
115.5,101,truck,15.233013467101612,9.299999999999997,2.0,4.0
115.5,102,berm,8.0,25.0,3.0,10.0
115.5,103,truck,-20.51367299103241,2.25,2.0,4.5
116.0,101,truck,15.02022217668899,9.599999999999994,2.0,4.0
116.0,102,berm,8.0,25.0,3.0,10.0
116.0,103,truck,-20.392493292139818,2.0,2.0,4.5
116.5,101,truck,14.808551315278335,9.899999999999991,2.0,4.0
116.5,102,berm,8.0,25.0,3.0,10.0
116.5,103,truck,-20.270939771037852,1.75,2.0,4.5
117.0,101,truck,14.598048507920478,10.200000000000003,2.0,4.0
117.0,102,berm,8.0,25.0,3.0,10.0
117.0,103,truck,-20.14903142021687,1.5,2.0,4.5
117.5,101,truck,14.388761116859026,10.5,2.0,4.0
117.5,102,berm,8.0,25.0,3.0,10.0
117.5,103,truck,-20.02678728760867,1.25,2.0,4.5
118.0,101,truck,14.180736230874045,10.799999999999997,2.0,4.0
118.0,102,berm,8.0,25.0,3.0,10.0
118.0,103,truck,-19.904226473610272,1.0,2.0,4.5
118.5,101,truck,13.974020654687287,11.099999999999994,2.0,4.0
118.5,102,berm,8.0,25.0,3.0,10.0
118.5,103,truck,-19.78136812809951,0.75,2.0,4.5
119.0,101,truck,13.768660898431312,11.399999999999991,2.0,4.0
119.0,102,berm,8.0,25.0,3.0,10.0
119.0,103,truck,-19.658231447442915,0.5,2.0,4.5
119.5,101,truck,13.564703167184923,11.700000000000003,2.0,4.0
119.5,102,berm,8.0,25.0,3.0,10.0
119.5,103,truck,-19.53483567149632,0.25,2.0,4.5
120.0,101,truck,13.362193350577218,12.0,2.0,4.0
120.0,102,berm,8.0,25.0,3.0,10.0
120.0,103,truck,-19.41120008059867,0.0,2.0,4.5
120.5,101,truck,13.161177012462591,12.299999999999997,2.0,4.0
120.5,102,berm,8.0,25.0,3.0,10.0
120.5,103,truck,-19.287343992559506,-0.25,2.0,4.5
121.0,101,truck,12.961699380669094,12.599999999999994,2.0,4.0
121.0,102,berm,8.0,25.0,3.0,10.0
121.0,103,truck,-19.163286759640595,-0.5,2.0,4.5
121.5,101,truck,12.763805336822337,12.899999999999991,2.0,4.0
121.5,102,berm,8.0,25.0,3.0,10.0
121.5,103,truck,-19.039047765532196,-0.75,2.0,4.5
122.0,101,truck,12.567539406247331,13.200000000000003,2.0,4.0
122.0,102,berm,8.0,25.0,3.0,10.0
122.0,103,truck,-18.914646422324367,-1.0,2.0,4.5
122.5,101,truck,12.37294574795046,13.5,2.0,4.0
122.5,102,berm,8.0,25.0,3.0,10.0
122.5,103,truck,-18.790102167473897,-1.25,2.0,4.5
123.0,101,truck,12.180068144683903,13.799999999999997,2.0,4.0
123.0,102,berm,8.0,25.0,3.0,10.0
123.0,103,truck,-18.665434460767212,-1.5,2.0,4.5
123.5,101,truck,11.988949993094703,14.099999999999994,2.0,4.0
123.5,102,berm,8.0,25.0,3.0,10.0
123.5,103,truck,-18.540662781279856,-1.75,2.0,4.5
124.0,101,truck,11.799634293960699,14.399999999999991,2.0,4.0
124.0,102,berm,8.0,25.0,3.0,10.0
124.0,103,truck,-18.415806624332905,-2.0,2.0,4.5
124.5,101,truck,11.612163642515515,14.700000000000003,2.0,4.0
124.5,102,berm,8.0,25.0,3.0,10.0
124.5,103,truck,-18.290885498446855,-2.25,2.0,4.5
125.0,101,truck,11.426580218864844,15.0,2.0,4.0
125.0,102,berm,8.0,25.0,3.0,10.0
125.0,103,truck,-18.16591892229348,-2.5,2.0,4.5
125.5,101,truck,11.242925778496092,15.299999999999997,2.0,4.0
125.5,102,berm,8.0,25.0,3.0,10.0
125.5,103,truck,-18.040926421646052,-2.75,2.0,4.5
126.0,101,truck,11.061241642883543,15.599999999999994,2.0,4.0
126.0,102,berm,8.0,25.0,3.0,10.0
126.0,103,truck,-17.91592752632851,-3.0,2.0,4.5
126.5,101,truck,10.881568690191243,15.899999999999991,2.0,4.0
126.5,102,berm,8.0,25.0,3.0,10.0
126.5,103,truck,-17.790941767163936,-3.25,2.0,4.5
127.0,101,truck,10.703947346075552,16.200000000000003,2.0,4.0
127.0,102,berm,8.0,25.0,3.0,10.0
127.0,103,truck,-17.66598867292291,-3.5,2.0,4.5
127.5,101,truck,10.528417574589573,16.5,2.0,4.0
127.5,102,berm,8.0,25.0,3.0,10.0
127.5,103,truck,-17.541087767272202,-3.75,2.0,4.5
128.0,101,truck,10.355018869191369,16.799999999999997,2.0,4.0
128.0,102,berm,8.0,25.0,3.0,10.0
128.0,103,truck,-17.4162585657242,-4.0,2.0,4.5
128.5,101,truck,10.183790243858136,17.099999999999994,2.0,4.0
128.5,102,berm,8.0,25.0,3.0,10.0
128.5,103,truck,-17.291520572587682,-4.25,2.0,4.5
129.0,101,truck,10.014770224308217,17.39999999999999,2.0,4.0
129.0,102,berm,8.0,25.0,3.0,10.0
129.0,103,truck,-17.166893277920305,-4.5,2.0,4.5
129.5,101,truck,9.84799683933295,17.700000000000003,2.0,4.0
129.5,102,berm,8.0,25.0,3.0,10.0
129.5,103,truck,-17.0423961544833,-4.75,2.0,4.5
130.0,101,truck,9.683507612240394,18.0,2.0,4.0
130.0,102,berm,8.0,25.0,3.0,10.0
130.0,103,truck,-16.918048654698914,-5.0,2.0,4.5
130.5,101,truck,9.521339552412705,18.299999999999997,2.0,4.0
130.5,102,berm,8.0,25.0,3.0,10.0
130.5,103,truck,-16.79387020761101,-5.25,2.0,4.5
131.0,101,truck,9.361529146979212,18.599999999999994,2.0,4.0
131.0,102,berm,8.0,25.0,3.0,10.0
131.0,103,truck,-16.6698802158493,-5.5,2.0,4.5
131.5,101,truck,9.20411235260693,18.89999999999999,2.0,4.0
131.5,102,berm,8.0,25.0,3.0,10.0
131.5,103,truck,-16.546098052597745,-5.75,2.0,4.5
132.0,101,truck,9.049124587410505,19.200000000000003,2.0,4.0
132.0,102,berm,8.0,25.0,3.0,10.0
132.0,103,truck,-16.422543058567513,-6.0,2.0,4.5
132.5,101,truck,8.896600722983257,19.5,2.0,4.0
132.5,102,berm,8.0,25.0,3.0,10.0
132.5,103,truck,-16.299234538975057,-6.25,2.0,4.5
133.0,101,truck,8.746575076551219,19.799999999999997,2.0,4.0
133.0,102,berm,8.0,25.0,3.0,10.0
133.0,103,truck,-16.176191760525683,-6.5,2.0,4.5
133.5,101,truck,8.599081403251926,20.099999999999994,2.0,4.0
133.5,102,berm,8.0,25.0,3.0,10.0
133.5,103,truck,-16.0534339484032,-6.75,2.0,4.5
134.0,101,truck,8.45415288853964,20.39999999999999,2.0,4.0
134.0,102,berm,8.0,25.0,3.0,10.0
134.0,103,truck,-15.930980283266003,-7.0,2.0,4.5
134.5,101,truck,8.311822140718748,20.700000000000003,2.0,4.0
134.5,102,berm,8.0,25.0,3.0,10.0
134.5,103,truck,-15.80884989825013,-7.25,2.0,4.5
135.0,101,truck,8.172121183607073,21.0,2.0,4.0
135.0,102,berm,8.0,25.0,3.0,10.0
135.0,103,truck,-15.687061875979781,-7.5,2.0,4.5
135.5,101,truck,8.035081449330598,21.299999999999997,2.0,4.0
135.5,102,berm,8.0,25.0,3.0,10.0
135.5,103,truck,-15.565635245585645,-7.75,2.0,4.5
136.0,101,truck,7.9007337712513905,21.599999999999994,2.0,4.0
136.0,102,berm,8.0,25.0,3.0,10.0
136.0,103,truck,-15.444588979731684,-8.0,2.0,4.5
136.5,101,truck,7.769108377030264,21.89999999999999,2.0,4.0
136.5,102,berm,8.0,25.0,3.0,10.0
136.5,103,truck,-15.323941991650672,-8.25,2.0,4.5
137.0,101,truck,7.64023488182562,22.200000000000003,2.0,4.0
137.0,102,berm,8.0,25.0,3.0,10.0
137.0,103,truck,-15.203713132189037,-8.5,2.0,4.5
137.5,101,truck,7.514142281630189,22.5,2.0,4.0
137.5,102,berm,8.0,25.0,3.0,10.0
137.5,103,truck,-15.08392118686147,-8.75,2.0,4.5
138.0,101,truck,7.390858946747082,22.799999999999997,2.0,4.0
138.0,102,berm,8.0,25.0,3.0,10.0
138.0,103,truck,-14.964584872915706,-9.0,2.0,4.5
138.5,101,truck,7.270412615406535,23.099999999999994,2.0,4.0
138.5,102,berm,8.0,25.0,3.0,10.0
138.5,103,truck,-14.845722836408013,-9.25,2.0,4.5
139.0,101,truck,7.152830387524984,23.39999999999999,2.0,4.0
139.0,102,berm,8.0,25.0,3.0,10.0
139.0,103,truck,-14.727353649289775,-9.5,2.0,4.5
139.5,101,truck,7.03813871860765,23.700000000000003,2.0,4.0
139.5,102,berm,8.0,25.0,3.0,10.0
139.5,103,truck,-14.60949580650565,-9.75,2.0,4.5
140.0,101,truck,6.926363413796178,24.0,2.0,4.0
140.0,102,berm,8.0,25.0,3.0,10.0
140.0,103,truck,-14.492167723103801,-10.0,2.0,4.5
140.5,101,truck,6.8175296220626205,24.299999999999997,2.0,4.0
140.5,102,berm,8.0,25.0,3.0,10.0
140.5,103,truck,-14.375387731358547,-10.25,2.0,4.5
141.0,101,truck,6.711661830550968,24.599999999999994,2.0,4.0
141.0,102,berm,8.0,25.0,3.0,10.0
141.0,103,truck,-14.259174077906014,-10.5,2.0,4.5
141.5,101,truck,6.60878385906768,24.89999999999999,2.0,4.0
141.5,102,berm,8.0,25.0,3.0,10.0
141.5,103,truck,-14.14354492089312,-10.75,2.0,4.5
142.0,101,truck,6.508918854722339,25.200000000000003,2.0,4.0
142.0,102,berm,8.0,25.0,3.0,10.0
142.0,103,truck,-14.028518327140397,-11.0,2.0,4.5
142.5,101,truck,6.41208928671961,25.5,2.0,4.0
142.5,102,berm,8.0,25.0,3.0,10.0
142.5,103,truck,-13.914112269319105,-11.25,2.0,4.5
143.0,101,truck,6.318316941303797,25.799999999999997,2.0,4.0
143.0,102,berm,8.0,25.0,3.0,10.0
143.0,103,truck,-13.800344623143012,-11.5,2.0,4.5
143.5,101,truck,6.22762291685703,26.099999999999994,2.0,4.0
143.5,102,berm,8.0,25.0,3.0,10.0
143.5,103,truck,-13.687233164575375,-11.75,2.0,4.5
144.0,101,truck,6.140027619152184,26.39999999999999,2.0,4.0
144.0,102,berm,8.0,25.0,3.0,10.0
144.0,103,truck,-13.574795567051474,-12.0,2.0,4.5
144.5,101,truck,6.055550756761713,26.700000000000003,2.0,4.0
144.5,102,berm,8.0,25.0,3.0,10.0
144.5,103,truck,-13.463049398717168,-12.25,2.0,4.5
145.0,101,truck,5.9742113366232665,27.0,2.0,4.0
145.0,102,berm,8.0,25.0,3.0,10.0
145.0,103,truck,-13.35201211968391,-12.5,2.0,4.5
145.5,101,truck,5.896027659763222,27.299999999999997,2.0,4.0
145.5,102,berm,8.0,25.0,3.0,10.0
145.5,103,truck,-13.241701079300643,-12.75,2.0,4.5
146.0,101,truck,5.821017317179049,27.599999999999994,2.0,4.0
146.0,102,berm,8.0,25.0,3.0,10.0
146.0,103,truck,-13.132133513443002,-13.0,2.0,4.5
146.5,101,truck,5.749197185881377,27.89999999999999,2.0,4.0
146.5,102,berm,8.0,25.0,3.0,10.0
146.5,103,truck,-13.023326541820243,-13.25,2.0,4.5
147.0,101,truck,5.680583425096755,28.200000000000003,2.0,4.0
147.0,102,berm,8.0,25.0,3.0,10.0
147.0,103,truck,-12.915297165300302,-13.5,2.0,4.5
147.5,101,truck,5.615191472631903,28.5,2.0,4.0
147.5,102,berm,8.0,25.0,3.0,10.0
147.5,103,truck,-12.808062263253488,-13.75,2.0,4.5
148.0,101,truck,5.553036041400251,28.799999999999997,2.0,4.0
148.0,102,berm,8.0,25.0,3.0,10.0
148.0,103,truck,-12.701638590915067,-14.0,2.0,4.5
148.5,101,truck,5.49413111611161,29.099999999999994,2.0,4.0
148.5,102,berm,8.0,25.0,3.0,10.0
148.5,103,truck,-12.596042776767328,-14.25,2.0,4.5
149.0,101,truck,5.438489950125675,29.39999999999999,2.0,4.0
149.0,102,berm,8.0,25.0,3.0,10.0
149.0,103,truck,-12.4912913199414,-14.5,2.0,4.5
149.5,101,truck,5.3861250624700485,29.700000000000003,2.0,4.0
149.5,102,berm,8.0,25.0,3.0,10.0
149.5,103,truck,-12.387400587639291,-14.75,2.0,4.5
150.0,101,truck,5.337048235023543,30.0,2.0,4.0
150.0,102,berm,8.0,25.0,3.0,10.0
150.0,103,truck,-12.284386812576564,-15.0,2.0,4.5
150.5,101,truck,5.291270509865296,30.299999999999997,2.0,4.0
150.5,102,berm,8.0,25.0,3.0,10.0
150.5,103,truck,-12.182266090445982,-15.25,2.0,4.5
151.0,101,truck,5.248802186790339,30.599999999999994,2.0,4.0
151.0,102,berm,8.0,25.0,3.0,10.0
151.0,103,truck,-12.081054377402621,-15.5,2.0,4.5
151.5,101,truck,5.209652820992208,30.89999999999999,2.0,4.0
151.5,102,berm,8.0,25.0,3.0,10.0
151.5,103,truck,-11.98076748757073,-15.75,2.0,4.5
152.0,101,truck,5.173831220913044,31.200000000000003,2.0,4.0
152.0,102,berm,8.0,25.0,3.0,10.0
152.0,103,truck,-11.881421090572807,-16.0,2.0,4.5
152.5,101,truck,5.141345446261742,31.5,2.0,4.0
152.5,102,berm,8.0,25.0,3.0,10.0
152.5,103,truck,-11.78303070908127,-16.25,2.0,4.5
153.0,101,truck,5.112202806200555,31.799999999999997,2.0,4.0
153.0,102,berm,8.0,25.0,3.0,10.0
153.0,103,truck,-11.685611716393046,-16.5,2.0,4.5
153.5,101,truck,5.0864098577005485,32.099999999999994,2.0,4.0
153.5,102,berm,8.0,25.0,3.0,10.0
153.5,103,truck,-11.589179334027545,-16.75,2.0,4.5
154.0,101,truck,5.063972404066321,32.39999999999999,2.0,4.0
154.0,102,berm,8.0,25.0,3.0,10.0
154.0,103,truck,-11.493748629348326,-17.0,2.0,4.5
154.5,101,truck,5.044895493630285,32.7,2.0,4.0
154.5,102,berm,8.0,25.0,3.0,10.0
154.5,103,truck,-11.399334513208835,-17.25,2.0,4.5
155.0,101,truck,5.0291834186168085,33.0,2.0,4.0
155.0,102,berm,8.0,25.0,3.0,10.0
155.0,103,truck,-11.305951737622639,-17.5,2.0,4.5
155.5,101,truck,5.016839714176484,33.3,2.0,4.0
155.5,102,berm,8.0,25.0,3.0,10.0
155.5,103,truck,-11.213614893458434,-17.75,2.0,4.5
156.0,101,truck,5.007867157590738,33.599999999999994,2.0,4.0
156.0,102,berm,8.0,25.0,3.0,10.0
156.0,103,truck,-11.122338408160259,-18.0,2.0,4.5
156.5,101,truck,5.002267767646947,33.89999999999999,2.0,4.0
156.5,102,berm,8.0,25.0,3.0,10.0
156.5,103,truck,-11.032136543493248,-18.25,2.0,4.5
157.0,101,truck,5.000042804184231,34.2,2.0,4.0
157.0,102,berm,8.0,25.0,3.0,10.0
157.0,103,truck,-10.943023393315231,-18.5,2.0,4.5
157.5,101,truck,5.0011927678099735,34.5,2.0,4.0
157.5,102,berm,8.0,25.0,3.0,10.0
157.5,103,truck,-10.855012881374632,-18.75,2.0,4.5
158.0,101,truck,5.005717399787217,34.8,2.0,4.0
158.0,102,berm,8.0,25.0,3.0,10.0
158.0,103,truck,-10.768118759134879,-19.0,2.0,4.5
158.5,101,truck,5.013615682092853,35.099999999999994,2.0,4.0
158.5,102,berm,8.0,25.0,3.0,10.0
158.5,103,truck,-10.682354603625786,-19.25,2.0,4.5
159.0,101,truck,5.024885837646686,35.39999999999999,2.0,4.0
159.0,102,berm,8.0,25.0,3.0,10.0
159.0,103,truck,-10.597733815322167,-19.5,2.0,4.5
159.5,101,truck,5.039525330711259,35.7,2.0,4.0
159.5,102,berm,8.0,25.0,3.0,10.0
159.5,103,truck,-10.514269616050033,-19.75,2.0,4.5
160.0,101,truck,5.05753086746239,36.0,2.0,4.0
160.0,102,berm,8.0,25.0,3.0,10.0
160.0,103,truck,-10.431975046920716,-20.0,2.0,4.5
160.5,101,truck,5.078898396730276,36.3,2.0,4.0
160.5,102,berm,8.0,25.0,3.0,10.0
160.5,103,truck,-10.35086296629321,-20.25,2.0,4.5
161.0,101,truck,5.10362311091097,36.599999999999994,2.0,4.0
161.0,102,berm,8.0,25.0,3.0,10.0
161.0,103,truck,-10.27094604776509,-20.5,2.0,4.5
161.5,101,truck,5.13169944704809,36.89999999999999,2.0,4.0
161.5,102,berm,8.0,25.0,3.0,10.0
161.5,103,truck,-10.192236778192289,-20.75,2.0,4.5
162.0,101,truck,5.163121088084454,37.2,2.0,4.0
162.0,102,berm,8.0,25.0,3.0,10.0
162.0,103,truck,-10.114747455738048,-21.0,2.0,4.5
162.5,101,truck,5.197880964283383,37.5,2.0,4.0
162.5,102,berm,8.0,25.0,3.0,10.0
162.5,103,truck,-10.038490187951341,-21.25,2.0,4.5
163.0,101,truck,5.235971254819377,37.8,2.0,4.0
163.0,102,berm,8.0,25.0,3.0,10.0
163.0,103,truck,-9.963476889875116,-21.5,2.0,4.5
163.5,101,truck,5.277383389537761,38.099999999999994,2.0,4.0
163.5,102,berm,8.0,25.0,3.0,10.0
163.5,103,truck,-9.889719282184586,-21.75,2.0,4.5
164.0,101,truck,5.322108050882921,38.39999999999999,2.0,4.0
164.0,102,berm,8.0,25.0,3.0,10.0
164.0,103,truck,-9.81722888935589,-22.0,2.0,4.5
164.5,101,truck,5.37013517599474,38.7,2.0,4.0
164.5,102,berm,8.0,25.0,3.0,10.0
164.5,103,truck,-9.746017037865435,-22.25,2.0,4.5
165.0,101,truck,5.421453958972686,39.0,2.0,4.0
165.0,102,berm,8.0,25.0,3.0,10.0
165.0,103,truck,-9.676094854420127,-22.5,2.0,4.5
165.5,101,truck,5.476052853307079,39.3,2.0,4.0
165.5,102,berm,8.0,25.0,3.0,10.0
165.5,103,truck,-9.607473264218873,-22.75,2.0,4.5
166.0,101,truck,5.533919574477036,39.599999999999994,2.0,4.0
166.0,102,berm,8.0,25.0,3.0,10.0
166.0,103,truck,-9.540162989245534,-23.0,2.0,4.5
166.5,101,truck,5.595041102714422,39.89999999999999,2.0,4.0
166.5,102,berm,8.0,25.0,3.0,10.0
166.5,103,truck,-9.474174546593636,-23.25,2.0,4.5
167.0,101,truck,5.659403685933228,40.2,2.0,4.0
167.0,102,berm,8.0,25.0,3.0,10.0
167.0,103,truck,-9.409518246823088,-23.5,2.0,4.5
167.5,101,truck,5.726992842823762,40.5,2.0,4.0
167.5,102,berm,8.0,25.0,3.0,10.0
167.5,103,truck,-9.346204192349182,-23.75,2.0,4.5
168.0,101,truck,5.7977933661108665,40.8,2.0,4.0
168.0,102,berm,8.0,25.0,3.0,10.0
168.0,103,truck,-9.28424227586412,-24.0,2.0,4.5
168.5,101,truck,5.871789325975481,41.099999999999994,2.0,4.0
168.5,102,berm,8.0,25.0,3.0,10.0
168.5,103,truck,-9.223642178791293,-24.25,2.0,4.5
169.0,101,truck,5.948964073638811,41.39999999999999,2.0,4.0
169.0,102,berm,8.0,25.0,3.0,10.0
169.0,103,truck,-9.164413369772575,-24.5,2.0,4.5
169.5,101,truck,6.029300245108214,41.7,2.0,4.0
169.5,102,berm,8.0,25.0,3.0,10.0
169.5,103,truck,-9.106565103188883,-24.75,2.0,4.5
170.0,101,truck,6.112779765084015,42.0,2.0,4.0
170.0,102,berm,8.0,25.0,3.0,10.0
170.0,103,truck,-9.050106417714167,-25.0,2.0,4.5
170.5,101,truck,6.199383851026406,42.3,2.0,4.0
170.5,102,berm,8.0,25.0,3.0,10.0
170.5,103,truck,-8.995046134903173,-25.25,2.0,4.5
171.0,101,truck,6.289093017381397,42.599999999999994,2.0,4.0
171.0,102,berm,8.0,25.0,3.0,10.0
171.0,103,truck,-8.941392857813069,-25.5,2.0,4.5
171.5,101,truck,6.381887079965024,42.89999999999999,2.0,4.0
171.5,102,berm,8.0,25.0,3.0,10.0
171.5,103,truck,-8.889154969659247,-25.75,2.0,4.5
172.0,101,truck,6.4777451605046785,43.2,2.0,4.0
172.0,102,berm,8.0,25.0,3.0,10.0
172.0,103,truck,-8.838340632505453,-26.0,2.0,4.5
172.5,101,truck,6.576645691336632,43.5,2.0,4.0
172.5,102,berm,8.0,25.0,3.0,10.0
172.5,103,truck,-8.78895778598848,-26.25,2.0,4.5
173.0,101,truck,6.678566420258681,43.8,2.0,4.0
173.0,102,berm,8.0,25.0,3.0,10.0
173.0,103,truck,-8.741014146077628,-26.5,2.0,4.5
173.5,101,truck,6.783484415536803,44.099999999999994,2.0,4.0
173.5,102,berm,8.0,25.0,3.0,10.0
173.5,103,truck,-8.694517203869099,-26.75,2.0,4.5
174.0,101,truck,6.891376071064666,44.39999999999999,2.0,4.0
174.0,102,berm,8.0,25.0,3.0,10.0
174.0,103,truck,-8.649474224415506,-27.0,2.0,4.5
174.5,101,truck,7.0022171116749465,44.7,2.0,4.0
174.5,102,berm,8.0,25.0,3.0,10.0
174.5,103,truck,-8.60589224559076,-27.25,2.0,4.5
175.0,101,truck,7.11598259860112,45.0,2.0,4.0
175.0,102,berm,8.0,25.0,3.0,10.0
175.0,103,truck,-8.563778076990376,-27.5,2.0,4.5
175.5,101,truck,7.232646935088562,45.3,2.0,4.0
175.5,102,berm,8.0,25.0,3.0,10.0
175.5,103,truck,-8.523138298867519,-27.75,2.0,4.5
176.0,101,truck,7.352183872153741,45.599999999999994,2.0,4.0
176.0,102,berm,8.0,25.0,3.0,10.0
176.0,103,truck,-8.483979261104839,-28.0,2.0,4.5
176.5,101,truck,7.474566514490121,45.89999999999999,2.0,4.0
176.5,102,berm,8.0,25.0,3.0,10.0
176.5,103,truck,-8.446307082222319,-28.25,2.0,4.5
177.0,101,truck,7.599767326519457,46.2,2.0,4.0
177.0,102,berm,8.0,25.0,3.0,10.0
177.0,103,truck,-8.410127648421268,-28.5,2.0,4.5
177.5,101,truck,7.727758138587241,46.5,2.0,4.0
177.5,102,berm,8.0,25.0,3.0,10.0
177.5,103,truck,-8.375446612664605,-28.75,2.0,4.5
178.0,101,truck,7.858510153300706,46.8,2.0,4.0
178.0,102,berm,8.0,25.0,3.0,10.0
178.0,103,truck,-8.342269393793611,-29.0,2.0,4.5
178.5,101,truck,7.991993952008153,47.099999999999994,2.0,4.0
178.5,102,berm,8.0,25.0,3.0,10.0
178.5,103,truck,-8.310601175681235,-29.25,2.0,4.5
179.0,101,truck,8.128179501418009,47.39999999999999,2.0,4.0
179.0,102,berm,8.0,25.0,3.0,10.0
179.0,103,truck,-8.28044690642213,-29.5,2.0,4.5
179.5,101,truck,8.26703616035617,47.7,2.0,4.0
179.5,102,berm,8.0,25.0,3.0,10.0
179.5,103,truck,-8.25181129755952,-29.75,2.0,4.5
180.0,101,truck,8.408532686660182,48.0,2.0,4.0
180.0,102,berm,8.0,25.0,3.0,10.0
180.0,103,truck,-8.224698823349028,-30.0,2.0,4.5
180.5,101,truck,8.552637244208569,48.3,2.0,4.0
180.5,102,berm,8.0,25.0,3.0,10.0
180.5,103,truck,-8.199113720059591,-30.25,2.0,4.5
181.0,101,truck,8.6993174100838,48.599999999999994,2.0,4.0
181.0,102,berm,8.0,25.0,3.0,10.0
181.0,103,truck,-8.175059985311542,-30.5,2.0,4.5
181.5,101,truck,8.848540181867365,48.89999999999999,2.0,4.0
181.5,102,berm,8.0,25.0,3.0,10.0
181.5,103,truck,-8.152541377452003,-30.75,2.0,4.5
182.0,101,truck,9.000271985065151,49.2,2.0,4.0
182.0,102,berm,8.0,25.0,3.0,10.0
182.0,103,truck,-8.131561414967635,-31.0,2.0,4.5
182.5,101,truck,9.154478680661533,49.5,2.0,4.0
182.5,102,berm,8.0,25.0,3.0,10.0
182.5,103,truck,-8.112123375934893,-31.25,2.0,4.5
183.0,101,truck,9.311125572800576,49.8,2.0,4.0
183.0,102,berm,8.0,25.0,3.0,10.0
183.0,103,truck,-8.094230297507828,-31.5,2.0,4.5
183.5,101,truck,9.47017741659238,50.099999999999994,2.0,4.0
183.5,102,berm,8.0,25.0,3.0,10.0
183.5,103,truck,-8.077884975443542,-31.75,2.0,4.5
184.0,101,truck,9.631598426043094,50.39999999999999,2.0,4.0
184.0,102,berm,8.0,25.0,3.0,10.0
184.0,103,truck,-8.063089963665355,-32.0,2.0,4.5
184.5,101,truck,9.795352282106592,50.7,2.0,4.0
184.5,102,berm,8.0,25.0,3.0,10.0
184.5,103,truck,-8.049847573863758,-32.25,2.0,4.5
185.0,101,truck,9.96140214085607,51.0,2.0,4.0
185.0,102,berm,8.0,25.0,3.0,10.0
185.0,103,truck,-8.038159875135209,-32.5,2.0,4.5
185.5,101,truck,10.12971064177384,51.3,2.0,4.0
185.5,102,berm,8.0,25.0,3.0,10.0
185.5,103,truck,-8.028028693658861,-32.75,2.0,4.5
186.0,101,truck,10.300239916157249,51.599999999999994,2.0,4.0
186.0,102,berm,8.0,25.0,3.0,10.0
186.0,103,truck,-8.019455612411205,-33.0,2.0,4.5
186.5,101,truck,10.472951595638957,51.89999999999999,2.0,4.0
186.5,102,berm,8.0,25.0,3.0,10.0
186.5,103,truck,-8.012441970918749,-33.25,2.0,4.5
187.0,101,truck,10.647806820819712,52.2,2.0,4.0
187.0,102,berm,8.0,25.0,3.0,10.0
187.0,103,truck,-8.0069888650487,-33.5,2.0,4.5
187.5,101,truck,10.824766250011523,52.5,2.0,4.0
187.5,102,berm,8.0,25.0,3.0,10.0
187.5,103,truck,-8.003097146837765,-33.75,2.0,4.5
188.0,101,truck,11.003790068089344,52.8,2.0,4.0
188.0,102,berm,8.0,25.0,3.0,10.0
188.0,103,truck,-8.00076742435899,-34.0,2.0,4.5
188.5,101,truck,11.18483799544937,53.099999999999994,2.0,4.0
188.5,102,berm,8.0,25.0,3.0,10.0
188.5,103,truck,-8.000000061626777,-34.25,2.0,4.5
189.0,101,truck,11.367869297071744,53.39999999999999,2.0,4.0
189.0,102,berm,8.0,25.0,3.0,10.0
189.0,103,truck,-8.000795178539983,-34.5,2.0,4.5
189.5,101,truck,11.55284279168574,53.7,2.0,4.0
189.5,102,berm,8.0,25.0,3.0,10.0
189.5,103,truck,-8.003152650863216,-34.75,2.0,4.5
190.0,101,truck,11.739716861035438,54.0,2.0,4.0
190.0,102,berm,8.0,25.0,3.0,10.0
190.0,103,truck,-8.007072110246218,-35.0,2.0,4.5
190.5,101,truck,11.928449459243582,54.3,2.0,4.0
190.5,102,berm,8.0,25.0,3.0,10.0
190.5,103,truck,-8.01255294428144,-35.25,2.0,4.5
191.0,101,truck,12.118998122271801,54.599999999999994,2.0,4.0
191.0,102,berm,8.0,25.0,3.0,10.0
191.0,103,truck,-8.019594296599708,-35.5,2.0,4.5
191.5,101,truck,12.311319977474792,54.89999999999999,2.0,4.0
191.5,102,berm,8.0,25.0,3.0,10.0
191.5,103,truck,-8.028195067004052,-35.75,2.0,4.5
192.0,101,truck,12.505371753246465,55.19999999999999,2.0,4.0
192.0,102,berm,8.0,25.0,3.0,10.0
192.0,103,truck,-8.038353911641595,-36.0,2.0,4.5
192.5,101,truck,12.70110978875593,55.5,2.0,4.0
192.5,102,berm,8.0,25.0,3.0,10.0
192.5,103,truck,-8.050069243213525,-36.25,2.0,4.5
193.0,101,truck,12.898490043770975,55.8,2.0,4.0
193.0,102,berm,8.0,25.0,3.0,10.0
193.0,103,truck,-8.063339231223125,-36.5,2.0,4.5
193.5,101,truck,13.09746810856689,56.099999999999994,2.0,4.0
193.5,102,berm,8.0,25.0,3.0,10.0
193.5,103,truck,-8.07816180226176,-36.75,2.0,4.5
194.0,101,truck,13.297999213918537,56.39999999999999,2.0,4.0
194.0,102,berm,8.0,25.0,3.0,10.0
194.0,103,truck,-8.09453464033287,-37.0,2.0,4.5
194.5,101,truck,13.500038241173215,56.69999999999999,2.0,4.0
194.5,102,berm,8.0,25.0,3.0,10.0
194.5,103,truck,-8.11245518721381,-37.25,2.0,4.5
195.0,101,truck,13.703539732402106,57.0,2.0,4.0
195.0,102,berm,8.0,25.0,3.0,10.0
195.0,103,truck,-8.131920642855588,-37.5,2.0,4.5
195.5,101,truck,13.908457900628225,57.3,2.0,4.0
195.5,102,berm,8.0,25.0,3.0,10.0
195.5,103,truck,-8.152927965820368,-37.75,2.0,4.5
196.0,101,truck,14.114746640128192,57.599999999999994,2.0,4.0
196.0,102,berm,8.0,25.0,3.0,10.0
196.0,103,truck,-8.175473873756676,-38.0,2.0,4.5
196.5,101,truck,14.322359536805903,57.89999999999999,2.0,4.0
196.5,102,berm,8.0,25.0,3.0,10.0
196.5,103,truck,-8.19955484391226,-38.25,2.0,4.5
197.0,101,truck,14.53124987863548,58.19999999999999,2.0,4.0
197.0,102,berm,8.0,25.0,3.0,10.0
197.0,103,truck,-8.225167113684533,-38.5,2.0,4.5
197.5,101,truck,14.741370666171234,58.5,2.0,4.0
197.5,102,berm,8.0,25.0,3.0,10.0
197.5,103,truck,-8.252306681208445,-38.75,2.0,4.5
198.0,101,truck,14.952674623122423,58.8,2.0,4.0
198.0,102,berm,8.0,25.0,3.0,10.0
198.0,103,truck,-8.280969305981792,-39.0,2.0,4.5
198.5,101,truck,15.165114206990179,59.099999999999994,2.0,4.0
198.5,102,berm,8.0,25.0,3.0,10.0
198.5,103,truck,-8.311150509527762,-39.25,2.0,4.5
199.0,101,truck,15.378641619764327,59.39999999999999,2.0,4.0
199.0,102,berm,8.0,25.0,3.0,10.0
199.0,103,truck,-8.342845576094707,-39.5,2.0,4.5
199.5,101,truck,15.59320881867782,59.69999999999999,2.0,4.0
199.5,102,berm,8.0,25.0,3.0,10.0
199.5,103,truck,-8.376049553392958,-39.75,2.0,4.5
200.0,101,truck,15.808767527016112,60.0,2.0,4.0
200.0,102,berm,8.0,25.0,3.0,10.0
200.0,103,truck,-8.410757253368615,-40.0,2.0,4.5
200.5,101,truck,16.02526924497918,60.3,2.0,4.0
200.5,102,berm,8.0,25.0,3.0,10.0
200.5,103,truck,-8.446963253014172,-40.25,2.0,4.5
201.0,101,truck,16.242665260593864,60.599999999999994,2.0,4.0
201.0,102,berm,8.0,25.0,3.0,10.0
201.0,103,truck,-8.484661895215844,-40.5,2.0,4.5
201.5,101,truck,16.460906660673785,60.89999999999999,2.0,4.0
201.5,102,berm,8.0,25.0,3.0,10.0
201.5,103,truck,-8.523847289637484,-40.75,2.0,4.5
202.0,101,truck,16.67994434182461,61.19999999999999,2.0,4.0
202.0,102,berm,8.0,25.0,3.0,10.0
202.0,103,truck,-8.564513313640937,-41.0,2.0,4.5
202.5,101,truck,16.89972902149215,61.5,2.0,4.0
202.5,102,berm,8.0,25.0,3.0,10.0
202.5,103,truck,-8.606653613242683,-41.25,2.0,4.5
203.0,101,truck,17.120211249050673,61.8,2.0,4.0
203.0,102,berm,8.0,25.0,3.0,10.0
203.0,103,truck,-8.650261604106651,-41.5,2.0,4.5
203.5,101,truck,17.341341416929144,62.099999999999994,2.0,4.0
203.5,102,berm,8.0,25.0,3.0,10.0
203.5,103,truck,-8.695330472572985,-41.75,2.0,4.5
204.0,101,truck,17.56306977177269,62.39999999999999,2.0,4.0
204.0,102,berm,8.0,25.0,3.0,10.0
204.0,103,truck,-8.74185317672268,-42.0,2.0,4.5
204.5,101,truck,17.785346425636845,62.69999999999999,2.0,4.0
204.5,102,berm,8.0,25.0,3.0,10.0
204.5,103,truck,-8.789822447477862,-42.25,2.0,4.5
205.0,101,truck,18.008121367212237,63.0,2.0,4.0
205.0,102,berm,8.0,25.0,3.0,10.0
205.0,103,truck,-8.839230789737565,-42.5,2.0,4.5
205.5,101,truck,18.23134447307684,63.3,2.0,4.0
205.5,102,berm,8.0,25.0,3.0,10.0
205.5,103,truck,-8.89007048354884,-42.75,2.0,4.5
206.0,101,truck,18.45496551897353,63.599999999999994,2.0,4.0
206.0,102,berm,8.0,25.0,3.0,10.0
206.0,103,truck,-8.942333585312957,-43.0,2.0,4.5
206.5,101,truck,18.67893419111039,63.89999999999999,2.0,4.0
206.5,102,berm,8.0,25.0,3.0,10.0
206.5,103,truck,-8.996011929026595,-43.25,2.0,4.5
207.0,101,truck,18.903200097481054,64.19999999999999,2.0,4.0
207.0,102,berm,8.0,25.0,3.0,10.0
207.0,103,truck,-9.051097127557759,-43.5,2.0,4.5
207.5,101,truck,19.12771277920268,64.5,2.0,4.0
207.5,102,berm,8.0,25.0,3.0,10.0
207.5,103,truck,-9.107580573956241,-43.75,2.0,4.5
208.0,101,truck,19.35242172186907,64.8,2.0,4.0
208.0,102,berm,8.0,25.0,3.0,10.0
208.0,103,truck,-9.16545344279847,-44.0,2.0,4.5
208.5,101,truck,19.577276366916074,65.1,2.0,4.0
208.5,102,berm,8.0,25.0,3.0,10.0
208.5,103,truck,-9.224706691566421,-44.25,2.0,4.5
209.0,101,truck,19.80222612299717,65.39999999999999,2.0,4.0
209.0,102,berm,8.0,25.0,3.0,10.0
209.0,103,truck,-9.28533106206053,-44.5,2.0,4.5
209.5,101,truck,20.02722037736625,65.69999999999999,2.0,4.0
209.5,102,berm,8.0,25.0,3.0,10.0
209.5,103,truck,-9.347317081846246,-44.75,2.0,4.5
210.0,101,truck,20.252208507265244,66.0,2.0,4.0
210.0,102,berm,8.0,25.0,3.0,10.0
210.0,103,truck,-9.41065506573408,-45.0,2.0,4.5
210.5,101,truck,20.477139891314103,66.3,2.0,4.0
210.5,102,berm,8.0,25.0,3.0,10.0
210.5,103,truck,-9.475335117292923,-45.25,2.0,4.5
211.0,101,truck,20.701963920900347,66.6,2.0,4.0
211.0,102,berm,8.0,25.0,3.0,10.0
211.0,103,truck,-9.541347130396304,-45.5,2.0,4.5
211.5,101,truck,20.926630011565766,66.89999999999999,2.0,4.0
211.5,102,berm,8.0,25.0,3.0,10.0
211.5,103,truck,-9.608680790801476,-45.75,2.0,4.5
212.0,101,truck,21.15108761438777,67.19999999999999,2.0,4.0
212.0,102,berm,8.0,25.0,3.0,10.0
212.0,103,truck,-9.677325577760993,-46.0,2.0,4.5
212.5,101,truck,21.375286227352667,67.5,2.0,4.0
212.5,102,berm,8.0,25.0,3.0,10.0
212.5,103,truck,-9.747270765666542,-46.25,2.0,4.5
213.0,101,truck,21.59917540671834,67.8,2.0,4.0
213.0,102,berm,8.0,25.0,3.0,10.0
213.0,103,truck,-9.818505425724828,-46.5,2.0,4.5
213.5,101,truck,21.822704778363974,68.1,2.0,4.0
213.5,102,berm,8.0,25.0,3.0,10.0
213.5,103,truck,-9.891018427665138,-46.75,2.0,4.5
214.0,101,truck,22.045824049123965,68.4,2.0,4.0
214.0,102,berm,8.0,25.0,3.0,10.0
214.0,103,truck,-9.964798441478447,-47.0,2.0,4.5
214.5,101,truck,22.268483018103645,68.69999999999999,2.0,4.0
214.5,102,berm,8.0,25.0,3.0,10.0
214.5,103,truck,-10.0398339391877,-47.25,2.0,4.5
215.0,101,truck,22.49063158797436,69.0,2.0,4.0
215.0,102,berm,8.0,25.0,3.0,10.0
215.0,103,truck,-10.116113196649033,-47.5,2.0,4.5
215.5,101,truck,22.712219776245036,69.29999999999998,2.0,4.0
215.5,102,berm,8.0,25.0,3.0,10.0
215.5,103,truck,-10.193624295383673,-47.75,2.0,4.5
216.0,101,truck,22.93319772650815,69.6,2.0,4.0
216.0,102,berm,8.0,25.0,3.0,10.0
216.0,103,truck,-10.272355124440129,-48.0,2.0,4.5
216.5,101,truck,23.15351571965715,69.9,2.0,4.0
216.5,102,berm,8.0,25.0,3.0,10.0
216.5,103,truck,-10.352293382286538,-48.25,2.0,4.5
217.0,101,truck,23.373124185073006,70.19999999999999,2.0,4.0
217.0,102,berm,8.0,25.0,3.0,10.0
217.0,103,truck,-10.433426578732746,-48.5,2.0,4.5
217.5,101,truck,23.591973711777484,70.5,2.0,4.0
217.5,102,berm,8.0,25.0,3.0,10.0
217.5,103,truck,-10.515742036881871,-48.75,2.0,4.5
218.0,101,truck,23.81001505955035,70.79999999999998,2.0,4.0
218.0,102,berm,8.0,25.0,3.0,10.0
218.0,103,truck,-10.599226895111055,-49.0,2.0,4.5
218.5,101,truck,24.02719917000818,71.1,2.0,4.0
218.5,102,berm,8.0,25.0,3.0,10.0
218.5,103,truck,-10.683868109081047,-49.25,2.0,4.5
219.0,101,truck,24.243477177642383,71.4,2.0,4.0
219.0,102,berm,8.0,25.0,3.0,10.0
219.0,103,truck,-10.769652453774363,-49.5,2.0,4.5
219.5,101,truck,24.458800420813663,71.69999999999999,2.0,4.0
219.5,102,berm,8.0,25.0,3.0,10.0
219.5,103,truck,-10.856566525561671,-49.75,2.0,4.5
220.0,101,truck,24.67312045270067,72.0,2.0,4.0
220.0,102,berm,8.0,25.0,3.0,10.0
220.0,103,truck,-10.944596744296081,-50.0,2.0,4.5
220.5,101,truck,24.886389052200396,72.29999999999998,2.0,4.0
220.5,102,berm,8.0,25.0,3.0,10.0
220.5,103,truck,-11.033729355435018,-50.25,2.0,4.5
221.0,101,truck,25.09855823477769,72.6,2.0,4.0
221.0,102,berm,8.0,25.0,3.0,10.0
221.0,103,truck,-11.12395043218933,-50.5,2.0,4.5
221.5,101,truck,25.30958026326153,72.9,2.0,4.0
221.5,102,berm,8.0,25.0,3.0,10.0
221.5,103,truck,-11.215245877699326,-50.75,2.0,4.5
222.0,101,truck,25.51940765858577,73.19999999999999,2.0,4.0
222.0,102,berm,8.0,25.0,3.0,10.0
222.0,103,truck,-11.307601427237387,-51.0,2.0,4.5
222.5,101,truck,25.727993210471645,73.5,2.0,4.0
222.5,102,berm,8.0,25.0,3.0,10.0
222.5,103,truck,-11.401002650436785,-51.25,2.0,4.5
223.0,101,truck,25.935289988049952,73.79999999999998,2.0,4.0
223.0,102,berm,8.0,25.0,3.0,10.0
223.0,103,truck,-11.495434953546436,-51.5,2.0,4.5
223.5,101,truck,26.141251350420276,74.1,2.0,4.0
223.5,102,berm,8.0,25.0,3.0,10.0
223.5,103,truck,-11.59088358171109,-51.75,2.0,4.5
224.0,101,truck,26.345830957144955,74.4,2.0,4.0
224.0,102,berm,8.0,25.0,3.0,10.0
224.0,103,truck,-11.687333621276792,-52.0,2.0,4.5
224.5,101,truck,26.548982778675548,74.69999999999999,2.0,4.0
224.5,102,berm,8.0,25.0,3.0,10.0
224.5,103,truck,-11.784770002121082,-52.25,2.0,4.5
225.0,101,truck,26.750661106709266,75.0,2.0,4.0
225.0,102,berm,8.0,25.0,3.0,10.0
225.0,103,truck,-11.883177500007681,-52.5,2.0,4.5
225.5,101,truck,26.950820564473098,75.29999999999998,2.0,4.0
225.5,102,berm,8.0,25.0,3.0,10.0
225.5,103,truck,-11.982540738965271,-52.75,2.0,4.5
226.0,101,truck,27.14941611693348,75.6,2.0,4.0
226.0,102,berm,8.0,25.0,3.0,10.0
226.0,103,truck,-12.082844193689908,-53.0,2.0,4.5
226.5,101,truck,27.346403080928937,75.9,2.0,4.0
226.5,102,berm,8.0,25.0,3.0,10.0
226.5,103,truck,-12.184072191970857,-53.25,2.0,4.5
227.0,101,truck,27.541737135223578,76.19999999999999,2.0,4.0
227.0,102,berm,8.0,25.0,3.0,10.0
227.0,103,truck,-12.28620891713934,-53.5,2.0,4.5
227.5,101,truck,27.73537433047927,76.5,2.0,4.0
227.5,102,berm,8.0,25.0,3.0,10.0
227.5,103,truck,-12.389238410539834,-53.75,2.0,4.5
228.0,101,truck,27.927271099143958,76.79999999999998,2.0,4.0
228.0,102,berm,8.0,25.0,3.0,10.0
228.0,103,truck,-12.493144574023624,-54.0,2.0,4.5
228.5,101,truck,28.117384265254266,77.1,2.0,4.0
228.5,102,berm,8.0,25.0,3.0,10.0
228.5,103,truck,-12.597911172464055,-54.25,2.0,4.5
229.0,101,truck,28.305671054149858,77.4,2.0,4.0
229.0,102,berm,8.0,25.0,3.0,10.0
229.0,103,truck,-12.70352183629327,-54.5,2.0,4.5
229.5,101,truck,28.492089102097545,77.69999999999999,2.0,4.0
229.5,102,berm,8.0,25.0,3.0,10.0
229.5,103,truck,-12.809960064059906,-54.75,2.0,4.5
230.0,101,truck,28.67659646582299,78.0,2.0,4.0
230.0,102,berm,8.0,25.0,3.0,10.0
230.0,103,truck,-12.917209225007417,-55.0,2.0,4.5
230.5,101,truck,28.859151631947753,78.29999999999998,2.0,4.0
230.5,102,berm,8.0,25.0,3.0,10.0
230.5,103,truck,-13.02525256167262,-55.25,2.0,4.5
231.0,101,truck,29.039713526329585,78.6,2.0,4.0
231.0,102,berm,8.0,25.0,3.0,10.0
231.0,103,truck,-13.134073192503962,-55.5,2.0,4.5
231.5,101,truck,29.218241523303995,78.9,2.0,4.0
231.5,102,berm,8.0,25.0,3.0,10.0
231.5,103,truck,-13.243654114499273,-55.75,2.0,4.5
232.0,101,truck,29.394695454824838,79.19999999999999,2.0,4.0
232.0,102,berm,8.0,25.0,3.0,10.0
232.0,103,truck,-13.353978205862434,-56.0,2.0,4.5
232.5,101,truck,29.56903561950191,79.5,2.0,4.0
232.5,102,berm,8.0,25.0,3.0,10.0
232.5,103,truck,-13.465028228678616,-56.25,2.0,4.5
233.0,101,truck,29.74122279153366,79.79999999999998,2.0,4.0
233.0,102,berm,8.0,25.0,3.0,10.0
233.0,103,truck,-13.576786831607699,-56.5,2.0,4.5
233.5,101,truck,29.9112182295328,80.1,2.0,4.0
233.5,102,berm,8.0,25.0,3.0,10.0
233.5,103,truck,-13.68923655259534,-56.75,2.0,4.5
234.0,101,truck,30.078983685242925,80.4,2.0,4.0
234.0,102,berm,8.0,25.0,3.0,10.0
234.0,103,truck,-13.802359821601412,-57.0,2.0,4.5
234.5,101,truck,30.244481412144268,80.69999999999999,2.0,4.0
234.5,102,berm,8.0,25.0,3.0,10.0
234.5,103,truck,-13.916138963345283,-57.25,2.0,4.5
235.0,101,truck,30.407674173946457,81.0,2.0,4.0
235.0,102,berm,8.0,25.0,3.0,10.0
235.0,103,truck,-14.03055620006753,-57.5,2.0,4.5
235.5,101,truck,30.568525252966552,81.29999999999998,2.0,4.0
235.5,102,berm,8.0,25.0,3.0,10.0
235.5,103,truck,-14.145593654307712,-57.75,2.0,4.5
236.0,101,truck,30.72699845839037,81.6,2.0,4.0
236.0,102,berm,8.0,25.0,3.0,10.0
236.0,103,truck,-14.26123335169764,-58.0,2.0,4.5
236.5,101,truck,30.883058134415226,81.9,2.0,4.0
236.5,102,berm,8.0,25.0,3.0,10.0
236.5,103,truck,-14.377457223769865,-58.25,2.0,4.5
237.0,101,truck,31.036669168272397,82.19999999999999,2.0,4.0
237.0,102,berm,8.0,25.0,3.0,10.0
237.0,103,truck,-14.494247110780831,-58.5,2.0,4.5
237.5,101,truck,31.18779699812731,82.5,2.0,4.0
237.5,102,berm,8.0,25.0,3.0,10.0
237.5,103,truck,-14.611584764548294,-58.75,2.0,4.5
238.0,101,truck,31.33640762085581,82.79999999999998,2.0,4.0
238.0,102,berm,8.0,25.0,3.0,10.0
238.0,103,truck,-14.729451851302592,-59.0,2.0,4.5
238.5,101,truck,31.482467599694722,83.1,2.0,4.0
238.5,102,berm,8.0,25.0,3.0,10.0
238.5,103,truck,-14.847829954551212,-59.25,2.0,4.5
239.0,101,truck,31.625944071765005,83.4,2.0,4.0
239.0,102,berm,8.0,25.0,3.0,10.0
239.0,103,truck,-14.966700577956361,-59.5,2.0,4.5
239.5,101,truck,31.76680475546572,83.69999999999999,2.0,4.0
239.5,102,berm,8.0,25.0,3.0,10.0
239.5,103,truck,-15.086045148224974,-59.75,2.0,4.5
240.0,101,truck,31.905017957737293,84.0,2.0,4.0
240.0,102,berm,8.0,25.0,3.0,10.0
240.0,103,truck,-15.205845018010741,-60.0,2.0,4.5
240.5,101,truck,32.040552581192294,84.29999999999998,2.0,4.0
240.5,102,berm,8.0,25.0,3.0,10.0
240.5,103,truck,-15.32608146882776,-60.25,2.0,4.5
241.0,101,truck,32.17337813111222,84.6,2.0,4.0
241.0,102,berm,8.0,25.0,3.0,10.0
241.0,103,truck,-15.446735713975201,-60.5,2.0,4.5
241.5,101,truck,32.30346472230872,84.9,2.0,4.0
241.5,102,berm,8.0,25.0,3.0,10.0
241.5,103,truck,-15.567788901472731,-60.75,2.0,4.5
242.0,101,truck,32.43078308584753,85.19999999999999,2.0,4.0
242.0,102,berm,8.0,25.0,3.0,10.0
242.0,103,truck,-15.689222117006086,-61.0,2.0,4.5
242.5,101,truck,32.555304575634004,85.5,2.0,4.0
242.5,102,berm,8.0,25.0,3.0,10.0
242.5,103,truck,-15.811016386882384,-61.25,2.0,4.5
243.0,101,truck,32.67700117485826,85.79999999999998,2.0,4.0
243.0,102,berm,8.0,25.0,3.0,10.0
243.0,103,truck,-15.933152680994766,-61.5,2.0,4.5
243.5,101,truck,32.79584550229886,86.1,2.0,4.0
243.5,102,berm,8.0,25.0,3.0,10.0
243.5,103,truck,-16.055611915795755,-61.75,2.0,4.5
244.0,101,truck,32.91181081848352,86.4,2.0,4.0
244.0,102,berm,8.0,25.0,3.0,10.0
244.0,103,truck,-16.17837495727905,-62.0,2.0,4.5
244.5,101,truck,33.02487103170532,86.69999999999999,2.0,4.0
244.5,102,berm,8.0,25.0,3.0,10.0
244.5,103,truck,-16.301422623969184,-62.25,2.0,4.5
245.0,101,truck,33.13500070389323,87.0,2.0,4.0
245.0,102,berm,8.0,25.0,3.0,10.0
245.0,103,truck,-16.42473568991857,-62.5,2.0,4.5
245.5,101,truck,33.24217505633564,87.29999999999998,2.0,4.0
245.5,102,berm,8.0,25.0,3.0,10.0
245.5,103,truck,-16.548294887711545,-62.75,2.0,4.5
246.0,101,truck,33.34636997525539,87.6,2.0,4.0
246.0,102,berm,8.0,25.0,3.0,10.0
246.0,103,truck,-16.672080911474833,-63.0,2.0,4.5
246.5,101,truck,33.44756201723528,87.9,2.0,4.0
246.5,102,berm,8.0,25.0,3.0,10.0
246.5,103,truck,-16.796074419894055,-63.25,2.0,4.5
247.0,101,truck,33.54572841449277,88.19999999999999,2.0,4.0
247.0,102,berm,8.0,25.0,3.0,10.0
247.0,103,truck,-16.92025603923579,-63.5,2.0,4.5
247.5,101,truck,33.64084708000261,88.5,2.0,4.0
247.5,102,berm,8.0,25.0,3.0,10.0
247.5,103,truck,-17.044606366374655,-63.75,2.0,4.5
248.0,101,truck,33.732896612466334,88.79999999999998,2.0,4.0
248.0,102,berm,8.0,25.0,3.0,10.0
248.0,103,truck,-17.169105971825037,-64.0,2.0,4.5
248.5,101,truck,33.82185630112749,89.1,2.0,4.0
248.5,102,berm,8.0,25.0,3.0,10.0
248.5,103,truck,-17.29373540277687,-64.25,2.0,4.5
249.0,101,truck,33.90770613043141,89.4,2.0,4.0
249.0,102,berm,8.0,25.0,3.0,10.0
249.0,103,truck,-17.41847518613513,-64.5,2.0,4.5
249.5,101,truck,33.990426784528665,89.69999999999999,2.0,4.0
249.5,102,berm,8.0,25.0,3.0,10.0
249.5,103,truck,-17.543305831562446,-64.75,2.0,4.5
250.0,101,truck,34.06999965162108,90.0,2.0,4.0
250.0,102,berm,8.0,25.0,3.0,10.0
250.0,103,truck,-17.66820783452443,-65.0,2.0,4.5
250.5,101,truck,34.146406828149246,90.29999999999998,2.0,4.0
250.5,102,berm,8.0,25.0,3.0,10.0
250.5,103,truck,-17.793161679337253,-65.25,2.0,4.5
251.0,101,truck,34.219631122820786,90.6,2.0,4.0
251.0,102,berm,8.0,25.0,3.0,10.0
251.0,103,truck,-17.918147842216865,-65.5,2.0,4.5
251.5,101,truck,34.28965606047831,90.9,2.0,4.0
251.5,102,berm,8.0,25.0,3.0,10.0
251.5,103,truck,-18.0431467943296,-65.75,2.0,4.5
252.0,101,truck,34.35646588580626,91.19999999999999,2.0,4.0
252.0,102,berm,8.0,25.0,3.0,10.0
252.0,103,truck,-18.168139004843507,-66.0,2.0,4.5
252.5,101,truck,34.420045566875785,91.5,2.0,4.0
252.5,102,berm,8.0,25.0,3.0,10.0
252.5,103,truck,-18.293104943979973,-66.25,2.0,4.5
253.0,101,truck,34.48038079852688,91.79999999999998,2.0,4.0
253.0,102,berm,8.0,25.0,3.0,10.0
253.0,103,truck,-18.418025086065274,-66.5,2.0,4.5
253.5,101,truck,34.53745800558695,92.1,2.0,4.0
253.5,102,berm,8.0,25.0,3.0,10.0
253.5,103,truck,-18.542879912581345,-66.75,2.0,4.5
254.0,101,truck,34.59126434592521,92.4,2.0,4.0
254.0,102,berm,8.0,25.0,3.0,10.0
254.0,103,truck,-18.667649915215563,-67.0,2.0,4.5
254.5,101,truck,34.64178771334207,92.69999999999999,2.0,4.0
254.5,102,berm,8.0,25.0,3.0,10.0
254.5,103,truck,-18.792315598908857,-67.25,2.0,4.5
255.0,101,truck,34.689016740293,93.0,2.0,4.0
255.0,102,berm,8.0,25.0,3.0,10.0
255.0,103,truck,-18.916857484901776,-67.5,2.0,4.5
255.5,101,truck,34.732940800446194,93.29999999999998,2.0,4.0
255.5,102,berm,8.0,25.0,3.0,10.0
255.5,103,truck,-19.04125611377803,-67.75,2.0,4.5
256.0,101,truck,34.77355001107341,93.6,2.0,4.0
256.0,102,berm,8.0,25.0,3.0,10.0
256.0,103,truck,-19.165492048504937,-68.0,2.0,4.5
256.5,101,truck,34.810835235273586,93.9,2.0,4.0
256.5,102,berm,8.0,25.0,3.0,10.0
256.5,103,truck,-19.28954587747045,-68.25,2.0,4.5
257.0,101,truck,34.84478808402857,94.19999999999999,2.0,4.0
257.0,102,berm,8.0,25.0,3.0,10.0
257.0,103,truck,-19.413398217516182,-68.5,2.0,4.5
257.5,101,truck,34.87540091809062,94.5,2.0,4.0
257.5,102,berm,8.0,25.0,3.0,10.0
257.5,103,truck,-19.53702971696597,-68.75,2.0,4.5
258.0,101,truck,34.902666849701234,94.79999999999998,2.0,4.0
258.0,102,berm,8.0,25.0,3.0,10.0
258.0,103,truck,-19.660421058649572,-69.0,2.0,4.5
258.5,101,truck,34.92657974414082,95.1,2.0,4.0
258.5,102,berm,8.0,25.0,3.0,10.0
258.5,103,truck,-19.783552962920876,-69.25,2.0,4.5
259.0,101,truck,34.94713422110901,95.4,2.0,4.0
259.0,102,berm,8.0,25.0,3.0,10.0
259.0,103,truck,-19.906406190670353,-69.5,2.0,4.5
259.5,101,truck,34.9643256559352,95.69999999999999,2.0,4.0
259.5,102,berm,8.0,25.0,3.0,10.0
259.5,103,truck,-20.02896154633111,-69.75,2.0,4.5
260.0,101,truck,34.978150180619075,96.0,2.0,4.0
260.0,102,berm,8.0,25.0,3.0,10.0
260.0,103,truck,-20.151199880878156,-70.0,2.0,4.5
260.5,101,truck,34.98860468470092,96.29999999999998,2.0,4.0
260.5,102,berm,8.0,25.0,3.0,10.0
260.5,103,truck,-20.273102094820427,-70.25,2.0,4.5
261.0,101,truck,34.99568681596139,96.6,2.0,4.0
261.0,102,berm,8.0,25.0,3.0,10.0
261.0,103,truck,-20.394649141185,-70.5,2.0,4.5
261.5,101,truck,34.99939498095086,96.9,2.0,4.0
261.5,102,berm,8.0,25.0,3.0,10.0
261.5,103,truck,-20.515822028493158,-70.75,2.0,4.5
262.0,101,truck,34.99972834534783,97.19999999999999,2.0,4.0
262.0,102,berm,8.0,25.0,3.0,10.0
262.0,103,truck,-20.636601823727794,-71.0,2.0,4.5
262.5,101,truck,34.99668683414674,97.5,2.0,4.0
262.5,102,berm,8.0,25.0,3.0,10.0
262.5,103,truck,-20.756969655291613,-71.25,2.0,4.5
263.0,101,truck,34.99027113167476,97.79999999999998,2.0,4.0
263.0,102,berm,8.0,25.0,3.0,10.0
263.0,103,truck,-20.876906715955844,-71.5,2.0,4.5
263.5,101,truck,34.98048268143788,98.1,2.0,4.0
263.5,102,berm,8.0,25.0,3.0,10.0
263.5,103,truck,-20.996394265798756,-71.75,2.0,4.5
264.0,101,truck,34.96732368579612,98.4,2.0,4.0
264.0,102,berm,8.0,25.0,3.0,10.0
264.0,103,truck,-21.115413635133788,-72.0,2.0,4.5
264.5,101,truck,34.95079710546797,98.69999999999999,2.0,4.0
264.5,102,berm,8.0,25.0,3.0,10.0
264.5,103,truck,-21.23394622742662,-72.25,2.0,4.5
265.0,101,truck,34.9309066588643,99.0,2.0,4.0
265.0,102,berm,8.0,25.0,3.0,10.0
265.0,103,truck,-21.351973522200854,-72.5,2.0,4.5
265.5,101,truck,34.90765682125167,99.29999999999998,2.0,4.0
265.5,102,berm,8.0,25.0,3.0,10.0
265.5,103,truck,-21.469477077931828,-72.75,2.0,4.5
266.0,101,truck,34.88105282374546,99.6,2.0,4.0
266.0,102,berm,8.0,25.0,3.0,10.0
266.0,103,truck,-21.586438534928003,-73.0,2.0,4.5
266.5,101,truck,34.85110065213289,99.9,2.0,4.0
266.5,102,berm,8.0,25.0,3.0,10.0
266.5,103,truck,-21.70283961819969,-73.25,2.0,4.5
267.0,101,truck,34.8178070455262,100.19999999999999,2.0,4.0
267.0,102,berm,8.0,25.0,3.0,10.0
267.0,103,truck,-21.818662140314437,-73.5,2.0,4.5
267.5,101,truck,34.78117949484642,100.5,2.0,4.0
267.5,102,berm,8.0,25.0,3.0,10.0
267.5,103,truck,-21.9338880042388,-73.75,2.0,4.5
268.0,101,truck,34.74122624113793,100.79999999999998,2.0,4.0
268.0,102,berm,8.0,25.0,3.0,10.0
268.0,103,truck,-22.048499206165985,-74.0,2.0,4.5
268.5,101,truck,34.69795627371427,101.1,2.0,4.0
268.5,102,berm,8.0,25.0,3.0,10.0
268.5,103,truck,-22.162477838328854,-74.25,2.0,4.5
269.0,101,truck,34.651379328135555,101.4,2.0,4.0
269.0,102,berm,8.0,25.0,3.0,10.0
269.0,103,truck,-22.275806091798025,-74.5,2.0,4.5
269.5,101,truck,34.60150588401806,101.69999999999999,2.0,4.0
269.5,102,berm,8.0,25.0,3.0,10.0
269.5,103,truck,-22.388466259264455,-74.75,2.0,4.5
270.0,101,truck,34.54834716267629,102.0,2.0,4.0
270.0,102,berm,8.0,25.0,3.0,10.0
270.0,103,truck,-22.500440737806176,-75.0,2.0,4.5
270.5,101,truck,34.49191512459831,102.29999999999998,2.0,4.0
270.5,102,berm,8.0,25.0,3.0,10.0
270.5,103,truck,-22.611712031638746,-75.25,2.0,4.5
271.0,101,truck,34.4322224667546,102.6,2.0,4.0
271.0,102,berm,8.0,25.0,3.0,10.0
271.0,103,truck,-22.722262754848877,-75.5,2.0,4.5
271.5,101,truck,34.369282619741355,102.9,2.0,4.0
271.5,102,berm,8.0,25.0,3.0,10.0
271.5,103,truck,-22.832075634110982,-75.75,2.0,4.5
272.0,101,truck,34.303109744758615,103.19999999999999,2.0,4.0
272.0,102,berm,8.0,25.0,3.0,10.0
272.0,103,truck,-22.941133511386088,-76.0,2.0,4.5
272.5,101,truck,34.23371873042411,103.5,2.0,4.0
272.5,102,berm,8.0,25.0,3.0,10.0
272.5,103,truck,-23.049419346602743,-76.25,2.0,4.5
273.0,101,truck,34.161125189423295,103.79999999999998,2.0,4.0
273.0,102,berm,8.0,25.0,3.0,10.0
273.0,103,truck,-23.156916220319516,-76.5,2.0,4.5
273.5,101,truck,34.08534545499666,104.1,2.0,4.0
273.5,102,berm,8.0,25.0,3.0,10.0
273.5,103,truck,-23.26360733636858,-76.75,2.0,4.5
274.0,101,truck,34.006396577264766,104.4,2.0,4.0
274.0,102,berm,8.0,25.0,3.0,10.0
274.0,103,truck,-23.369476024480115,-77.0,2.0,4.5
274.5,101,truck,33.92429631939203,104.69999999999999,2.0,4.0
274.5,102,berm,8.0,25.0,3.0,10.0
274.5,103,truck,-23.474505742886997,-77.25,2.0,4.5
275.0,101,truck,33.839063153590104,105.0,2.0,4.0
275.0,102,berm,8.0,25.0,3.0,10.0
275.0,103,truck,-23.5786800809094,-77.5,2.0,4.5
275.5,101,truck,33.75071625696173,105.29999999999998,2.0,4.0
275.5,102,berm,8.0,25.0,3.0,10.0
275.5,103,truck,-23.681982761518963,-77.75,2.0,4.5
276.0,101,truck,33.65927550718595,105.6,2.0,4.0
276.0,102,berm,8.0,25.0,3.0,10.0
276.0,103,truck,-23.784397643882002,-78.0,2.0,4.5
276.5,101,truck,33.56476147804569,105.9,2.0,4.0
276.5,102,berm,8.0,25.0,3.0,10.0
276.5,103,truck,-23.885908725881507,-78.25,2.0,4.5
277.0,101,truck,33.46719543479877,106.19999999999999,2.0,4.0
277.0,102,berm,8.0,25.0,3.0,10.0
277.0,103,truck,-23.986500146617445,-78.5,2.0,4.5
277.5,101,truck,33.36659932939333,106.5,2.0,4.0
277.5,102,berm,8.0,25.0,3.0,10.0
277.5,103,truck,-24.08615618888497,-78.75,2.0,4.5
278.0,101,truck,33.26299579552869,106.79999999999998,2.0,4.0
278.0,102,berm,8.0,25.0,3.0,10.0
278.0,103,truck,-24.18486128163024,-79.0,2.0,4.5
278.5,101,truck,33.1564081435629,107.1,2.0,4.0
278.5,102,berm,8.0,25.0,3.0,10.0
278.5,103,truck,-24.28260000238332,-79.25,2.0,4.5
279.0,101,truck,33.046860355267995,107.4,2.0,4.0
279.0,102,berm,8.0,25.0,3.0,10.0
279.0,103,truck,-24.379357079667948,-79.5,2.0,4.5
279.5,101,truck,32.93437707843418,107.69999999999999,2.0,4.0
279.5,102,berm,8.0,25.0,3.0,10.0
279.5,103,truck,-24.47511739538764,-79.75,2.0,4.5
280.0,101,truck,32.81898362132421,108.0,2.0,4.0
280.0,102,berm,8.0,25.0,3.0,10.0
280.0,103,truck,-24.56986598718789,-80.0,2.0,4.5
280.5,101,truck,32.700705946979134,108.29999999999998,2.0,4.0
280.5,102,berm,8.0,25.0,3.0,10.0
280.5,103,truck,-24.663588050794008,-80.25,2.0,4.5
281.0,101,truck,32.57957066737667,108.6,2.0,4.0
281.0,102,berm,8.0,25.0,3.0,10.0
281.0,103,truck,-24.75626894232422,-80.5,2.0,4.5
281.5,101,truck,32.45560503744372,108.9,2.0,4.0
281.5,102,berm,8.0,25.0,3.0,10.0
281.5,103,truck,-24.84789418057779,-80.75,2.0,4.5
282.0,101,truck,32.32883694892405,109.19999999999999,2.0,4.0
282.0,102,berm,8.0,25.0,3.0,10.0
282.0,103,truck,-24.938449449297643,-81.0,2.0,4.5
282.5,101,truck,32.199294924102745,109.5,2.0,4.0
282.5,102,berm,8.0,25.0,3.0,10.0
282.5,103,truck,-25.02792059940728,-81.25,2.0,4.5
283.0,101,truck,32.06700810938891,109.79999999999998,2.0,4.0
283.0,102,berm,8.0,25.0,3.0,10.0
283.0,103,truck,-25.11629365122153,-81.5,2.0,4.5
283.5,101,truck,31.93200626875778,110.1,2.0,4.0
283.5,102,berm,8.0,25.0,3.0,10.0
283.5,103,truck,-25.20355479663084,-81.75,2.0,4.5
284.0,101,truck,31.79431977705394,110.4,2.0,4.0
284.0,102,berm,8.0,25.0,3.0,10.0
284.0,103,truck,-25.289690401258767,-82.0,2.0,4.5
284.5,101,truck,31.653979613157176,110.69999999999999,2.0,4.0
284.5,102,berm,8.0,25.0,3.0,10.0
284.5,103,truck,-25.374687006592332,-82.25,2.0,4.5
285.0,101,truck,31.511017353012328,111.0,2.0,4.0
285.0,102,berm,8.0,25.0,3.0,10.0
285.0,103,truck,-25.458531332084874,-82.5,2.0,4.5
285.5,101,truck,31.365465162524774,111.29999999999998,2.0,4.0
285.5,102,berm,8.0,25.0,3.0,10.0
285.5,103,truck,-25.541210277231126,-82.75,2.0,4.5
286.0,101,truck,31.217355790323346,111.6,2.0,4.0
286.0,102,berm,8.0,25.0,3.0,10.0
286.0,103,truck,-25.622710923614115,-83.0,2.0,4.5
286.5,101,truck,31.06672256039198,111.9,2.0,4.0
286.5,102,berm,8.0,25.0,3.0,10.0
286.5,103,truck,-25.70302053692365,-83.25,2.0,4.5
287.0,101,truck,30.913599364571898,112.19999999999999,2.0,4.0
287.0,102,berm,8.0,25.0,3.0,10.0
287.0,103,truck,-25.782126568946044,-83.5,2.0,4.5
287.5,101,truck,30.758020654936182,112.5,2.0,4.0
287.5,102,berm,8.0,25.0,3.0,10.0
287.5,103,truck,-25.86001665952473,-83.75,2.0,4.5
288.0,101,truck,30.60002143603817,112.79999999999998,2.0,4.0
288.0,102,berm,8.0,25.0,3.0,10.0
288.0,103,truck,-25.936678638491532,-84.0,2.0,4.5
288.5,101,truck,30.43963725703557,113.1,2.0,4.0
288.5,102,berm,8.0,25.0,3.0,10.0
288.5,103,truck,-26.0121005275682,-84.25,2.0,4.5
289.0,101,truck,30.27690420369201,113.4,2.0,4.0
289.0,102,berm,8.0,25.0,3.0,10.0
289.0,103,truck,-26.08627054223801,-84.5,2.0,4.5
289.5,101,truck,30.11185889025798,113.69999999999999,2.0,4.0
289.5,102,berm,8.0,25.0,3.0,10.0
289.5,103,truck,-26.159177093587072,-84.75,2.0,4.5
290.0,101,truck,29.944538451232752,114.0,2.0,4.0
290.0,102,berm,8.0,25.0,3.0,10.0
290.0,103,truck,-26.230808790115056,-85.0,2.0,4.5
290.5,101,truck,29.774980533009177,114.29999999999998,2.0,4.0
290.5,102,berm,8.0,25.0,3.0,10.0
290.5,103,truck,-26.301154439515123,-85.25,2.0,4.5
291.0,101,truck,29.60322328540357,114.6,2.0,4.0
291.0,102,berm,8.0,25.0,3.0,10.0
291.0,103,truck,-26.370203050422674,-85.5,2.0,4.5
291.5,101,truck,29.42930535307206,114.9,2.0,4.0
291.5,102,berm,8.0,25.0,3.0,10.0
291.5,103,truck,-26.437943834132728,-85.75,2.0,4.5
292.0,101,truck,29.25326586681567,115.19999999999999,2.0,4.0
292.0,102,berm,8.0,25.0,3.0,10.0
292.0,103,truck,-26.50436620628565,-86.0,2.0,4.5
292.5,101,truck,29.07514443477617,115.5,2.0,4.0
292.5,102,berm,8.0,25.0,3.0,10.0
292.5,103,truck,-26.569459788520923,-86.25,2.0,4.5
293.0,101,truck,28.894981133524347,115.79999999999998,2.0,4.0
293.0,102,berm,8.0,25.0,3.0,10.0
293.0,103,truck,-26.63321441009876,-86.5,2.0,4.5
293.5,101,truck,28.712816499042876,116.1,2.0,4.0
293.5,102,berm,8.0,25.0,3.0,10.0
293.5,103,truck,-26.69562010948925,-86.75,2.0,4.5
294.0,101,truck,28.528691517606042,116.4,2.0,4.0
294.0,102,berm,8.0,25.0,3.0,10.0
294.0,103,truck,-26.756667135928826,-87.0,2.0,4.5
294.5,101,truck,28.34264761655792,116.69999999999999,2.0,4.0
294.5,102,berm,8.0,25.0,3.0,10.0
294.5,103,truck,-26.816345950943806,-87.25,2.0,4.5
295.0,101,truck,28.154726654991325,117.0,2.0,4.0
295.0,102,berm,8.0,25.0,3.0,10.0
295.0,103,truck,-26.87464722984075,-87.5,2.0,4.5
295.5,101,truck,27.964970914329854,117.29999999999998,2.0,4.0
295.5,102,berm,8.0,25.0,3.0,10.0
295.5,103,truck,-26.931561863163463,-87.75,2.0,4.5
296.0,101,truck,27.77342308881465,117.6,2.0,4.0
296.0,102,berm,8.0,25.0,3.0,10.0
296.0,103,truck,-26.987080958116266,-88.0,2.0,4.5
296.5,101,truck,27.580126275898323,117.9,2.0,4.0
296.5,102,berm,8.0,25.0,3.0,10.0
296.5,103,truck,-27.041195839953538,-88.25,2.0,4.5
297.0,101,truck,27.385123966548335,118.19999999999999,2.0,4.0
297.0,102,berm,8.0,25.0,3.0,10.0
297.0,103,truck,-27.093898053335074,-88.5,2.0,4.5
297.5,101,truck,27.18846003546166,118.5,2.0,4.0
297.5,102,berm,8.0,25.0,3.0,10.0
297.5,103,truck,-27.145179363647266,-88.75,2.0,4.5
298.0,101,truck,26.99017873119307,118.79999999999998,2.0,4.0
298.0,102,berm,8.0,25.0,3.0,10.0
298.0,103,truck,-27.195031758289705,-89.0,2.0,4.5
298.5,101,truck,26.790324666199552,119.1,2.0,4.0
298.5,102,berm,8.0,25.0,3.0,10.0
298.5,103,truck,-27.243447447927156,-89.25,2.0,4.5
299.0,101,truck,26.58894280680263,119.4,2.0,4.0
299.0,102,berm,8.0,25.0,3.0,10.0
299.0,103,truck,-27.290418867706613,-89.5,2.0,4.5
299.5,101,truck,26.38607846307105,119.69999999999999,2.0,4.0
299.5,102,berm,8.0,25.0,3.0,10.0
299.5,103,truck,-27.335938678439298,-89.75,2.0,4.5
